Nodes,Fairness,CostV,CostS
0,0.07824991233855252,0.0,0.0
1,0.0962481728466201,0.001356277459760693,0.01253468793528816
2,0.10607351694461643,0.003200165942382232,0.01663842605106488
3,0.11505368672440545,0.005608893232371481,0.021363585133503945
4,0.12359469314472572,0.00850010572085414,0.027368775534153705
5,0.13189353019308575,0.011895297480883558,0.03641522398057465
6,0.1419160528901501,0.016699533309586352,0.04849060786904432
7,0.15221726529591922,0.022523245154784512,0.06227959757650329
8,0.16131558321647071,0.028410033988770116,0.0745844813954022
9,0.1685903798887033,0.03361722424648181,0.08660582802133367
10,0.1754254111710437,0.038900610814116894,0.09627200646483816
11,0.1821521639080344,0.04448751294189718,0.11013364126908237
12,0.18829198274800515,0.04990536523871604,0.12232301179342603
13,0.1940596977009576,0.05528120389202429,0.13284456511575204
14,0.199491277757719,0.06062195768410445,0.14209831739781617
15,0.2047224552875892,0.06597822863220364,0.15433988100594728
16,0.21001688797258825,0.07146737097086246,0.15750408657938836
17,0.21501190463896544,0.07699544713502529,0.17062443223995338
18,0.21981058581338092,0.08256504099016769,0.1812847454792277
19,0.22444779240564,0.08795142230209628,0.1843945012412031
20,0.22856380248812866,0.0929647647278148,0.19179552366878921
21,0.23262314829561564,0.09805305823423155,0.20250487293453653
22,0.23606742718339205,0.10247477830166642,0.21078961795318554
23,0.2393820595524512,0.10641110555287073,0.21027201451537528
24,0.24270782681628267,0.11085576056520773,0.2190042397070706
25,0.2458333206033982,0.11504602199322157,0.22311411724446767
26,0.24875608329317203,0.11911882986623039,0.23032263190703084
27,0.2516223154116842,0.12311664515501267,0.23470203174333923
28,0.254435156622703,0.12700003205322008,0.23777761298303288
29,0.2573338368622383,0.13114818791319632,0.24085148978093632
30,0.26431748530387933,0.14154511084756924,0.26154499929638575
31,0.26742601485573764,0.14627949935140006,0.2710920410604358
32,0.27034675638433553,0.1507964020616791,0.2780089100397771
33,0.27293495631634224,0.15487048191325284,0.2859045590883404
34,0.2755547874981871,0.1590340423343071,0.28844929021359084
35,0.27805936077009014,0.1628881886629964,0.28973361961086663
36,0.28021407191896336,0.1664428813593087,0.30124237025942513
37,0.2823139366044118,0.16982734970732508,0.3030613231285555
38,0.2842776829033097,0.17309943307590928,0.30734699547803895
39,0.2861870294152334,0.1763338014232953,0.31603962260060786
40,0.2879550411246334,0.17933100183173095,0.31923527583078415
41,0.28966128557105975,0.18228143347463732,0.32677207574025563
42,0.2913449106575879,0.1851957616236996,0.33436232014534956
43,0.29294915067570076,0.18795179154714137,0.3369971424213472
44,0.2944722628533733,0.19063386749496625,0.34417043911221223
45,0.29593407895099194,0.1931501355206279,0.34584467530099944
46,0.29738648474767043,0.19569225467568965,0.3471687631425722
47,0.29874668140146576,0.19810973035236773,0.348986783064544
48,0.3000859408485514,0.2005180090414548,0.35077991011200815
49,0.30135361135346495,0.2028056708136424,0.35229075002908516
50,0.3026481721127165,0.20516270296393174,0.3547321616940704
51,0.3039767159214981,0.20758671254613434,0.3566271958731301
52,0.305262404552357,0.20995982854179882,0.359523782049672
53,0.3065337242078419,0.21229137898129344,0.36203327693728615
54,0.30771713382123655,0.2145347526437703,0.3694398082584402
55,0.3089337060165997,0.21684845206041525,0.37725280610602263
56,0.3100529218497201,0.2188782521357121,0.37685584445674564
57,0.3111480113168491,0.22086969065999798,0.37648899129510444
58,0.3121852567407033,0.22279417224543516,0.3772807696746445
59,0.31321308664099445,0.22473171248295956,0.3780491472991208
60,0.31439461509585326,0.2270615230930949,0.3820222303034195
61,0.31545238050903457,0.22919236304301724,0.3891567040898008
62,0.31646691362184726,0.23114832695239887,0.3911606934955294
63,0.31746628660859144,0.23311566505513068,0.3979345839680588
64,0.3183996974750294,0.23491472586660003,0.3977797147508738
65,0.31932534836851895,0.23671567846893551,0.3991999727452203
66,0.320188469974162,0.2384664671858513,0.40252972710579304
67,0.321057920381919,0.24029557977320623,0.40895200841111584
68,0.3219086083428193,0.2419771460447324,0.41042496627737024
69,0.3227421191523575,0.24367237927941032,0.41710545470757665
70,0.32356981337238105,0.2453228611429872,0.4177235925107714
71,0.32505475825593844,0.24827535560830394,0.42295876009533423
72,0.32614646779608114,0.2504673662294243,0.42497456991383814
73,0.3273440125284265,0.25288307899791423,0.42933986702406374
74,0.32823318448272526,0.25468213166102177,0.4309278382236544
75,0.32903219941890005,0.25623898792574235,0.4303582164232643
76,0.3298107208879387,0.25782602111284453,0.4304287919177756
77,0.3305478402193115,0.25932551164777934,0.4311368860787879
78,0.3312806517517767,0.2608005821489872,0.4324151882533792
79,0.3320069499459668,0.2622958337374258,0.4336533854375044
80,0.33271670646217544,0.26369846993002316,0.433379690288867
81,0.3334202738093078,0.2651560159948762,0.434830691607524
82,0.3341106449036206,0.2665237260691305,0.4346622631186465
83,0.3347945580773846,0.2679058002244468,0.4345024734708558
84,0.33547397242421684,0.26932068928191844,0.43614495516385937
85,0.33614690887036935,0.27071232557513647,0.4369431670273752
86,0.3368077832396568,0.2720478767970394,0.43625935308211977
87,0.3374715298729434,0.27344256161704555,0.4373493618178994
88,0.33811231683169807,0.27478435815969215,0.43805295314260667
89,0.338747066361397,0.2761238741402707,0.4393346396246278
90,0.3393790651746543,0.2772280362937411,0.4384291854774372
91,0.34000890812020945,0.2785424071445822,0.43909939700016526
92,0.34067332513127146,0.2799356993574474,0.43968553574417063
93,0.34132109572351016,0.281317231688042,0.4411468157293026
94,0.3419541094927131,0.28263735842139603,0.44106522713256247
95,0.3425759230857749,0.2839544093849985,0.4417341091528671
96,0.34315730725773264,0.28519395874098014,0.44314783530006513
97,0.34371672703688877,0.2863589211906732,0.4426140750332216
98,0.3442723754334535,0.2875512930513253,0.44382215133306396
99,0.34480803792078724,0.28877700678123985,0.44762557805903097
100,0.34534069007886103,0.2899272562875089,0.4485723085783412
101,0.34586142779345974,0.2910554215383337,0.4487826399328778
102,0.3463703768635066,0.2921359712896727,0.449299866788785
103,0.3468742421776497,0.2931682146265703,0.44854626089142247
104,0.3473761843714619,0.29425779162477306,0.44875475356706546
105,0.3478689300207527,0.2952587080156171,0.4487747731330375
106,0.34835267476859744,0.2963261395526141,0.45060276082561246
107,0.34882864427415405,0.29737798470452026,0.4509881657760225
108,0.34928855633218625,0.2983884852119843,0.45189429680937315
109,0.34974062766006997,0.2993280120685487,0.4509007912314125
110,0.3501917507368285,0.3003103413213546,0.45144428796437114
111,0.350643469509403,0.30130760703162185,0.4524523701318023
112,0.3510859277452835,0.30227166497113384,0.45273239280220196
113,0.3515193498493129,0.3032276474336631,0.45371710492613165
114,0.35195128357137767,0.3041838924022145,0.45404080605716113
115,0.3523798567507657,0.3051218594717201,0.45400767350528376
116,0.35282265287994985,0.30610747626136336,0.4551094254455214
117,0.3532436067875479,0.3070502679886049,0.45795371984103317
118,0.35366082526506804,0.30798228134195704,0.45797086238766715
119,0.35407560023937024,0.30890659016675137,0.4587270812720764
120,0.3544830894736902,0.3098097916231239,0.4589311363777813
121,0.35488008550392103,0.3106812611539035,0.45932043630336494
122,0.3552633385153309,0.3115252928431219,0.4593664492508158
123,0.3556438089658438,0.3123789661775328,0.4601827941614397
124,0.3560237536892194,0.31320929092703037,0.46036520560752997
125,0.3564013591977338,0.3140312718731704,0.4610602339858427
126,0.3574288949735689,0.31635592942637436,0.46456767935984805
127,0.3586091922804419,0.31903184996513945,0.46919990275096923
128,0.3589841649189115,0.3198923991348459,0.4699515841845878
129,0.3593467492114347,0.32072129755182655,0.4710080718418727
130,0.35970864328441365,0.32155174897638533,0.47125547570111415
131,0.3600666405719169,0.32232027553574116,0.47069141921658103
132,0.3604189728025529,0.32311757998310386,0.4710411318100255
133,0.36077011324168456,0.32386321698497816,0.4716272376807431
134,0.3611158134827195,0.32463782093873417,0.471523976938156
135,0.3614490831327887,0.3253955058375566,0.471715257563404
136,0.36178149717179875,0.3261171145628461,0.47109890766576695
137,0.36212466352447187,0.32689422544401264,0.4717837991149417
138,0.36245106280585626,0.3276482444643678,0.47270223071305706
139,0.3627765034131619,0.328397324989163,0.47340157466868954
140,0.36309750107210365,0.3291299172898477,0.47377494897367733
141,0.36341649889724004,0.3298444130435393,0.473943782377076
142,0.3637312088593684,0.3305574162056891,0.47417055588457846
143,0.3640435172870776,0.33126481928867413,0.4739105678610898
144,0.36435325261898316,0.33195070835524176,0.4735019059074057
145,0.3646597982197448,0.3326720885384539,0.47482618515498426
146,0.3649606831183683,0.33337718190840493,0.4769494305715267
147,0.3652570364471248,0.33406441922273633,0.47759436126485877
148,0.3655530179836546,0.33475658627536736,0.47854921509088943
149,0.3658460769188119,0.33545718194483876,0.47943795791358856
150,0.3661389163290878,0.3361276696368009,0.4796681989924586
151,0.3664764225760487,0.3368992556380196,0.48002323279354714
152,0.36677374012258207,0.3375944161238486,0.48039045255565366
153,0.36705504435425884,0.338245096180895,0.4805477241394694
154,0.36733548328904825,0.338904906434362,0.4817163845650751
155,0.3676096635779707,0.3395465605666641,0.4820954008084373
156,0.3678742946265419,0.3401664659854463,0.4828052617658527
157,0.36813857820667595,0.3407736156344445,0.483056110770565
158,0.3683996166954518,0.3413579276305612,0.48259133089474787
159,0.3686583036384965,0.34199717787734485,0.48467611963612545
160,0.3689643322337307,0.3427685307123679,0.4883012115696911
161,0.36922007118241235,0.3433727605646085,0.4889797036349034
162,0.3694719619695592,0.3439702380919787,0.48989001908498875
163,0.3697301156066316,0.34456239661170385,0.49080931357851054
164,0.3699792264667755,0.3451110562734768,0.49027321933536455
165,0.37025279971392205,0.34572606497504554,0.4900918367008943
166,0.37133984767378736,0.34824327682183526,0.49453053480712555
167,0.3717987011854913,0.3493389887065081,0.49589961287218454
168,0.37222161543850113,0.3503456147662695,0.49704240374108044
169,0.37263556737088765,0.3513352131208454,0.49874325807744707
170,0.37305834116003234,0.3523515553551233,0.500660156997556
171,0.3734068179160736,0.35320667182202875,0.5026567640920979
172,0.37368853266029833,0.35388456557775616,0.5028715327602784
173,0.37394377353248326,0.35446806028408334,0.502521267043331
174,0.37418625861214955,0.3550351901434366,0.5025378698940488
175,0.37442488758333115,0.35560768416032806,0.5032068405187332
176,0.3746631668896155,0.3561724213393392,0.5046463538071253
177,0.37489798695642085,0.3567275280954401,0.5045171974890721
178,0.37513250310634194,0.35728484572553043,0.5044234542036823
179,0.37536576077225625,0.3578444294316145,0.5045896350358178
180,0.3755973830926736,0.3584000504922403,0.5049293198663858
181,0.37582624665686704,0.3589528271264666,0.505470117251415
182,0.3760542504640185,0.3595040931592689,0.5062668481527958
183,0.37627735539247587,0.3600467237013149,0.5069071989002781
184,0.37649684953331153,0.360584623318989,0.5079780782861549
185,0.3767153387409617,0.36109713831466145,0.5083279532564301
186,0.3769318427073596,0.3616068734347769,0.5086181508317569
187,0.3771467216483436,0.3621243541902928,0.5091157081587993
188,0.37736159472147507,0.36262786782763806,0.5088455703071815
189,0.3775756315002461,0.36314279389489657,0.5090061969754893
190,0.37778894047375683,0.3636604214679209,0.5094895219065355
191,0.3779977373419995,0.36415092064793997,0.5095127361014965
192,0.37820379632407153,0.36463501984960783,0.5093939319035773
193,0.37840831554195603,0.36513072205247815,0.5102251620061432
194,0.3786105470722003,0.3656461173417564,0.5114345739278621
195,0.37881150624803467,0.36612722342486487,0.5116230690979863
196,0.379011496448262,0.36661414622490046,0.5125718764576624
197,0.3792109263125617,0.367047260423464,0.5118913695414153
198,0.37940943528219584,0.36751129630969864,0.5118331251428075
199,0.3796076975762368,0.3679838762647868,0.5119309430919553
200,0.37980560206699565,0.3684651818901505,0.5121894938452904
201,0.38000069022802485,0.3689309230435189,0.5118408204223317
202,0.3801956121885899,0.36939755129096663,0.5119881387949731
203,0.38038943407227344,0.36985878949489076,0.5120208995494774
204,0.3805814309643546,0.3703428958872006,0.5134340559732002
205,0.3807713972853118,0.3708048864050721,0.5138111374832465
206,0.3810404258695227,0.3714722676518693,0.5150487495393206
207,0.3812348966521642,0.3719582872805291,0.516351970772779
208,0.3814176859607614,0.3724032779905958,0.5161712236069376
209,0.3816001093801924,0.37285350457527305,0.5165812816166938
210,0.3817805502350142,0.37327955195792784,0.5162608711547669
211,0.38195969799287344,0.37372332052448615,0.5167678689505273
212,0.3821377484945571,0.37416582594253217,0.5174589110094893
213,0.3823146472093578,0.3745860684390057,0.5173185692221342
214,0.3824910440676963,0.37501052702886184,0.5173287711654904
215,0.38266582678952205,0.37543663481949957,0.517899441756218
216,0.3828405249495568,0.37586460292076823,0.5181636662388719
217,0.3830135952616032,0.3762872027151878,0.5190401874668353
218,0.38318620872760767,0.3766873031578931,0.5184338165715586
219,0.38335865067820313,0.37711359914826453,0.5188212205990508
220,0.3835307612974857,0.3775370798757434,0.5189897537356424
221,0.3837018728407773,0.3779819483962522,0.5202591999552478
222,0.3838702271452092,0.3783923597519296,0.520247133822321
223,0.3840384664562868,0.3787899654771288,0.5199381171718866
224,0.38420633002975363,0.37918530277478346,0.5194425510742523
225,0.3843848345743739,0.3796087046255813,0.5192185784523119
226,0.38455242184096006,0.38002062305319556,0.5193809899159713
227,0.38471819215729774,0.38044487446218955,0.5207919626964197
228,0.3848828847375418,0.3808506150740702,0.520734661934291
229,0.3850469466075829,0.381261699300381,0.521446477666916
230,0.3852136689275614,0.3816782826008623,0.5220085600394683
231,0.3853742289826332,0.38206602038273507,0.5217250533595585
232,0.38560240035575477,0.382624762373867,0.5220630895064684
233,0.38578446352335893,0.3830758194539168,0.5222898391444503
234,0.38595164574928326,0.3834888202347754,0.5223913231677619
235,0.38611188350443043,0.3838866148359619,0.5226176613307933
236,0.3862721077631911,0.384279832617094,0.5228043464673926
237,0.3864289602313107,0.38465724001786233,0.5225881161446309
238,0.38658559307338014,0.38505467416269956,0.5229697535177615
239,0.38673998427897066,0.38542121285980724,0.5227529727194549
240,0.38689237059964526,0.3857821100406968,0.522381659910802
241,0.38704393981358154,0.38615128015113526,0.522316187753779
242,0.38719454525717034,0.38654782816233635,0.523743512207581
243,0.38734259314085434,0.3869193336177656,0.5239896441820325
244,0.3874937225150055,0.3873010643931071,0.5245128613083987
245,0.3876417637093606,0.3876622321396363,0.5245150100662943
246,0.3877896610548881,0.3880309125985657,0.5244542851112354
247,0.38793671833370286,0.3883966161418666,0.5245908601518262
248,0.38808317659446273,0.3887569739759468,0.5247494096788876
249,0.3882269270428256,0.3891285720200887,0.5259236258134555
250,0.38836935850395393,0.3894832080386489,0.5258148436233678
251,0.3885110503182305,0.38983866166892134,0.5256934478005515
252,0.3886489989281906,0.39019554682472685,0.5268546325442452
253,0.3887864599074846,0.39053940608253157,0.5270785494480124
254,0.38892303383645044,0.3908822895015436,0.5272789989179261
255,0.3890589742497965,0.391210052562277,0.5270479148519507
256,0.38919341257424006,0.3915323945186643,0.5268548138561353
257,0.38932783130255166,0.39187324923797895,0.5270788159062478
258,0.3894776303947547,0.3922539576388522,0.5277787522856173
259,0.38961018382745094,0.3925964175023369,0.5288424692200946
260,0.3897420717043968,0.3929473460160184,0.5302031038851109
261,0.38987334573052634,0.3932694421029482,0.5303872103577834
262,0.3900040930674801,0.39359223918303843,0.5302599851741725
263,0.39013338184285973,0.39391362211200576,0.5303765616852852
264,0.39026172507040685,0.3942242944455407,0.530315414133358
265,0.3903897714658756,0.39454723191992636,0.5305184060653886
266,0.3905170644358174,0.39485536458950315,0.5306504064035309
267,0.3906442330699373,0.3951615933083841,0.5303461162463414
268,0.3907698618202374,0.3954795498231265,0.5305088065374304
269,0.39089365296586226,0.3957910647727088,0.5306328872047155
270,0.3910167715267645,0.3961059546272644,0.5309823167380296
271,0.3911508879397848,0.39644321476104155,0.5310995844628328
272,0.39127442128731726,0.3967429942989003,0.5310597218061385
273,0.391397877011853,0.3970560312519486,0.5311550074797156
274,0.3915204128438262,0.39737451867497353,0.532367832077893
275,0.3916409638011441,0.39767048888987594,0.5316720339985829
276,0.3917887465259866,0.39803397693654285,0.5315154616906315
277,0.39190922443775,0.3983385409546676,0.5316711708658419
278,0.39202893974424036,0.39864390546320744,0.5321707792912173
279,0.3921473545482345,0.39894161798810784,0.532474087505445
280,0.3922657269215355,0.39924186794917504,0.5327289034767698
281,0.39238355812805686,0.3995380707547178,0.5326404425053725
282,0.3925023621107613,0.3998375018894026,0.5327369218158525
283,0.3926180251767137,0.4001266396679702,0.5329249495752401
284,0.3927367000362745,0.4004270489829555,0.5332029061553443
285,0.39285311874287815,0.4007236043290655,0.5333762815517727
286,0.3929733460936076,0.40103074351516604,0.5334688623333809
287,0.39308888073861575,0.4013191536263477,0.5334734138812748
288,0.3932040180559747,0.40161098338576207,0.5337392424175799
289,0.3933192314505123,0.40189393807459795,0.5334469925876679
290,0.39353343080015774,0.4024354269915924,0.5335340967700327
291,0.393647214525084,0.40271298027914926,0.5334526823478297
292,0.3937596104980645,0.40299749422367814,0.5333083544911535
293,0.3938711065551289,0.40327596209318806,0.5332736106847118
294,0.39398259203032443,0.40355994793915834,0.5334112924480353
295,0.39409392198621873,0.40383082782483126,0.5331627042189446
296,0.39420396202151065,0.4041135872218697,0.5335116259543586
297,0.3943642367446808,0.4045219412156536,0.534108904981232
298,0.3945086509127784,0.4048826598574393,0.5346365416912804
299,0.3946185964486401,0.405155422773936,0.5345117463532834
300,0.3947264373335093,0.4054384344815819,0.5353317796737775
301,0.39483316773549687,0.40570990488636555,0.5355631654727817
302,0.39493979803466356,0.40598129981714887,0.535701419522974
303,0.3950461718338774,0.40624516184757364,0.5355621318446395
304,0.39515271753448866,0.40650724291331547,0.5354413639975398
305,0.39525873822801816,0.4067809369773776,0.5357553889425064
306,0.3953643304944993,0.4070703466464986,0.5369856913112262
307,0.395468355336993,0.40733289515077203,0.5370166066392142
308,0.3955716821615129,0.4075982366584335,0.5372489844224712
309,0.3956742635730399,0.407861636364231,0.5374838229732908
310,0.3957742757995515,0.40810866536028845,0.5374539575901438
311,0.3958743383329285,0.4083633136028892,0.5376022584561073
312,0.39597369274412686,0.40861767450839453,0.5376627720523682
313,0.3960730055379484,0.40887546841365047,0.5377832975643239
314,0.3961710087031039,0.4091231863529508,0.5375459627332173
315,0.3962687646670145,0.4093810140724926,0.5383506148128764
316,0.39636640439149773,0.4096346068948421,0.5387346009782271
317,0.3964639772677381,0.40988132884531486,0.5386673055424079
318,0.3965614740759816,0.41009057009727623,0.5377183441173659
319,0.3966587847916899,0.41033289559876357,0.537824337692384
320,0.3967556687918739,0.41058060283758513,0.5379049517044165
321,0.3968557365273204,0.41084217029830566,0.5384131251780718
322,0.3969511000374917,0.4110828012885059,0.5383845684853121
323,0.39705088163428115,0.4113340482232622,0.5382658888825351
324,0.39714553564148747,0.41157878960569444,0.5384575007528415
325,0.3972400403802231,0.41181939418712454,0.5383966821602119
326,0.3973347053754407,0.4120628977120463,0.5385474207112264
327,0.39742894867670153,0.41231919135019973,0.5392209662439648
328,0.39752293091592045,0.41256648277250946,0.5394455057231458
329,0.3976165158760856,0.4128049228417539,0.5394814962500208
330,0.3977096840442462,0.41304167465495356,0.53944960488883
331,0.3978027387820656,0.41328377272783456,0.5397141537929051
332,0.39789531165466574,0.4135238402811073,0.5399017883642955
333,0.39798791279181295,0.41376010721940965,0.5401172085103852
334,0.3980796863233963,0.41399404132065043,0.5399586305975387
335,0.3981821551354193,0.41425600969539145,0.5399171233950362
336,0.3982761185730255,0.4144974195947443,0.5398536834254757
337,0.39836763830235444,0.414732614692649,0.5401330550343127
338,0.39845910332900536,0.4149334633502162,0.5394494636774075
339,0.3985554419426377,0.41515218911736496,0.5391077349808726
340,0.3986609272538558,0.41539993379080525,0.5390644461036397
341,0.39875204165452377,0.4156379032139405,0.5393174971599085
342,0.3988430341299846,0.4158731038839202,0.5393261970640151
343,0.3989332795790183,0.41609877917112925,0.5392561018464643
344,0.39902297117240154,0.4163338076340455,0.5394825205492709
345,0.39911262101465417,0.4165650655442304,0.5394763038989222
346,0.39927172519308984,0.4169764135073109,0.5397640490212848
347,0.39936040585839905,0.41720384935725313,0.5399073786443703
348,0.3994489393812991,0.417427810095714,0.5397490676161778
349,0.3995373613284658,0.4176530098661584,0.5396516443531331
350,0.3996257595331968,0.4178824253187749,0.5397819721839473
351,0.3997139379290922,0.41811598138925044,0.5400700384443637
352,0.39980189114534465,0.4183415020753739,0.5401984124340324
353,0.3998898062309318,0.418581131336278,0.540716025414445
354,0.39997694827274966,0.41881517245521,0.5414217494160963
355,0.40006315224574557,0.41904069972668007,0.5417442124957875
356,0.40014862597784906,0.4192671405980129,0.5419937225141895
357,0.4002337524736608,0.41948898121537437,0.5422079715428355
358,0.4003185945089631,0.4197113406071981,0.5424414061980632
359,0.4004026380176444,0.41993449138629707,0.5425411304046549
360,0.4004854334697747,0.4201408942665602,0.542402256853615
361,0.4005682094309562,0.4203571911593686,0.542502197132431
362,0.4006542322925148,0.4205785687177908,0.5425088941752468
363,0.40073890205851026,0.4207985996291495,0.542593961324218
364,0.40082190917196886,0.4210081344210162,0.5425486477005654
365,0.40090308660455254,0.42122847372722744,0.5431840571282572
366,0.4009842566166656,0.4214341885185948,0.5431501352320872
367,0.40106519272842556,0.4216472173721693,0.5435380128115305
368,0.40114536932865213,0.42185200489114116,0.5434664179292024
369,0.40127204041169184,0.4221833188142838,0.543706668314386
370,0.40137801210676505,0.4224592101807212,0.543911289805139
371,0.4014837399135113,0.4227384080534045,0.5443609346291899
372,0.4015670260982285,0.4229523676143623,0.5442812959803227
373,0.401646857450749,0.42317694424026864,0.5453440201936202
374,0.401726131435763,0.4233945774925427,0.5458153894189104
375,0.4018053697964803,0.42360318579603273,0.5460758290930326
376,0.401885615783202,0.423820406023407,0.5466385108680006
377,0.40196468167436056,0.42402383462505977,0.546589319856731
378,0.40204292836437056,0.4242268715227356,0.5466150860642552
379,0.4021944009509261,0.42462279095700006,0.5472525744975595
380,0.4022752373573345,0.42483130868029273,0.5473044174531266
381,0.4023532445155508,0.4250412893468432,0.5476693697652244
382,0.4024309838698198,0.42524585979523266,0.5478849164591636
383,0.40250834124650214,0.4254594764846605,0.5486250788956172
384,0.40258566572708143,0.42566010054429276,0.5487916343466955
385,0.40266282144718957,0.42586203103691167,0.5488255603179402
386,0.40273994326206786,0.42606423912659064,0.5489140145463417
387,0.402816891234008,0.4262587557338692,0.548828455484235
388,0.402893315948388,0.4264596560118509,0.5488942964899194
389,0.40306268086983144,0.42691483056312785,0.549675207943527
390,0.40314252298454867,0.42712766640549027,0.5498812230124727
391,0.4032187321783837,0.42732828255985617,0.5500348813264119
392,0.40329477586339163,0.42752583235848435,0.5499857620928704
393,0.4033706494002834,0.4277224806549039,0.5500283885158888
394,0.40344597156084966,0.4278903363867422,0.5494310590528925
395,0.4035211938315265,0.42808353121802456,0.5493346587102376
396,0.4035960304593263,0.4282897290760882,0.5497838374523244
397,0.40367019936543913,0.4284866187179943,0.5500536163567418
398,0.40374395754063386,0.4286816499270511,0.5501546571132961
399,0.40381754580740925,0.4288713144065271,0.5500578428945744
400,0.4038889481492534,0.42906169019056367,0.5505431139109692
401,0.403959938489328,0.42925914113081104,0.5512282256254549
402,0.40403074077144707,0.4294526879223534,0.5515144325761386
403,0.40412489275362024,0.4297012056370795,0.5516993152873904
404,0.4041959447077894,0.4298860989391869,0.5517231407134534
405,0.40426691439639184,0.43007110826791034,0.5517983529654957
406,0.40433688145302915,0.43025721870932077,0.5518398315671347
407,0.40440613305776474,0.4304402634799846,0.5519892412596478
408,0.4044750735994464,0.4306197356088506,0.5520185051978413
409,0.40454379138804675,0.4307975526304279,0.5522003697525336
410,0.40461213398880824,0.43097920541964657,0.5522645071126152
411,0.40468434346605664,0.43117212132921473,0.5525295768381354
412,0.4047525194088756,0.4313548235439565,0.5527941617361183
413,0.4048200714645138,0.43153325988664276,0.5529338172070559
414,0.4048874443276856,0.4317089406812541,0.5529032060217764
415,0.4049547066011524,0.4318815030865706,0.5527609048401276
416,0.40502179616391093,0.43205858098356736,0.5528206948511086
417,0.4050883936185197,0.432248594083065,0.5535394050925104
418,0.4051549843933277,0.43242351945277346,0.5535685780895464
419,0.4052209860004079,0.43259599752637684,0.5535398181233633
420,0.40528701510487014,0.43276838414916374,0.5535997225800344
421,0.40535241890195994,0.4329383851085934,0.5535737598678221
422,0.405416894979885,0.4331232902035796,0.5543521145195572
423,0.4054813503574906,0.43329532154476114,0.5544328374730214
424,0.4055456305700963,0.43346252798081597,0.5542618662711996
425,0.4056096984641143,0.43362384418005223,0.5540135354454667
426,0.40569074088378504,0.4338327114635372,0.5539796923347494
427,0.40575375455348683,0.4339972744656464,0.5538817322399566
428,0.4058166853712232,0.4341636871258501,0.5540051964509698
429,0.405879211160847,0.43432886189917147,0.5541220152285153
430,0.4059406895835797,0.43448055325229973,0.5540132701106704
431,0.40600211526516905,0.4346455202892764,0.5542791948794962
432,0.4060631861917515,0.4348079727099919,0.5543568348609851
433,0.406124113535414,0.4349696282152534,0.5544247445596172
434,0.4061847660335879,0.43513189736550023,0.554584579121179
435,0.40624517168398355,0.43529108151547335,0.5545930060063821
436,0.40630531280031507,0.43545083787389877,0.5545859141730058
437,0.4063653149279727,0.43560659582702294,0.5545686675336252
438,0.4064246526319676,0.4357649267511457,0.5547406477511406
439,0.40648393869446753,0.43592399249460806,0.5549504068667664
440,0.4065432153111338,0.43608089291784735,0.5550864357240467
441,0.40660238177084496,0.43623658342726207,0.5551257380974449
442,0.4066613391896948,0.43639126075815987,0.5550233895218523
443,0.4067303031827154,0.43657428703410506,0.5551295780239303
444,0.4068021563729655,0.43676434581142004,0.5552221736066932
445,0.40686099538350706,0.43692825213567044,0.5556108928292861
446,0.4069192223150876,0.4370843466335973,0.5557692107312219
447,0.4069773696168268,0.437240863460085,0.5559428891834614
448,0.40703528539975287,0.4373916616256416,0.5558109587373437
449,0.4070927973454973,0.4375448724032302,0.5559001006148626
450,0.40714993024425866,0.4376961901147788,0.5559798961658872
451,0.4072699352432828,0.43803001864413965,0.5569059015379099
452,0.4073475203326168,0.4382355557318463,0.557012061562178
453,0.40740454866534803,0.4383839984789419,0.5570183085686281
454,0.4074614032982795,0.4385387589592556,0.5573134346662951
455,0.40751805531069,0.43868912010182964,0.5573863772040674
456,0.407574310588676,0.4388342051504109,0.5574567250274527
457,0.407630435372518,0.4389774977451916,0.5572338429240499
458,0.4076864514190911,0.4391271886952413,0.5573290575455887
459,0.40774266394385594,0.4392743428133128,0.5571733436195297
460,0.4077986507225643,0.4394253422698887,0.557370602263593
461,0.40785456110902896,0.4395849519267176,0.5578492604537567
462,0.40791040461379807,0.4397312736291934,0.5577344374820982
463,0.4079657196297222,0.4398773097030268,0.5577520959024509
464,0.40802083151136764,0.44002004828992686,0.5577179817930296
465,0.40807593221592864,0.4401715593647467,0.5578899140969833
466,0.4081309311162338,0.44031626218135644,0.5578290242902648
467,0.40818571785804486,0.44046092770289474,0.5577643019626481
468,0.40824021568847596,0.4406071116592289,0.5578453922672364
469,0.4082943361632048,0.440747062449592,0.5577469169266978
470,0.4083480208787996,0.4408921395843143,0.5577413232787705
471,0.4084014428125853,0.4410365400027134,0.557975418013097
472,0.4084546553254559,0.441180521490055,0.5580631541360545
473,0.4085077006278577,0.4413197306214201,0.5581195451147746
474,0.4085607035507003,0.44146356781278123,0.5584082598123351
475,0.40861354251454873,0.4416135800428002,0.5590199765153567
476,0.40866615353808317,0.4417626350387447,0.5594345886922829
477,0.4087623158284154,0.4420501007940209,0.5609629012762417
478,0.4088144996228414,0.44218960598527135,0.5610330065039264
479,0.40886666778027486,0.4423304060584549,0.5611355123785615
480,0.408918821780744,0.44247805950049357,0.5614770260520001
481,0.4089709525212343,0.44262055591121335,0.5617000597990549
482,0.4090236145628512,0.44276622976637314,0.5620974092282494
483,0.4090742177400052,0.44289682741481706,0.5619936228652609
484,0.4091449733103443,0.4430809260876628,0.5618915294519654
485,0.4091984521711541,0.44322130275047156,0.5617666665592794
486,0.4092489526984697,0.44335448388821047,0.5617328379316282
487,0.4092993949998799,0.4434897061052271,0.5619034415472601
488,0.409349225404102,0.4436231981459288,0.5619407402067229
489,0.4093991498516587,0.44375950972763,0.5619496014177774
490,0.4094488802401024,0.44389043000759953,0.5619632917145084
491,0.4094977296246414,0.44402172520013744,0.5620154805577855
492,0.4095465163225757,0.44415484671324906,0.5620463322467184
493,0.40959524757503984,0.44428714182697376,0.5622465883497821
494,0.40964390592378963,0.4444142522059945,0.5621583790873527
495,0.40969241574805226,0.44454623406337385,0.5623239562577689
496,0.4097408407543829,0.4446744614755502,0.5622971165950655
497,0.40978922001272944,0.44480513931665283,0.5624524496559193
498,0.40983716298197925,0.44493370727988013,0.5625393098890898
499,0.40988495345402276,0.44506189951806324,0.5625839800613034
500,0.409932699814318,0.44518928250258416,0.5625940448059766
501,0.40998043862485434,0.4453167611523535,0.5625702890861294
502,0.41002805362577893,0.44544642583573557,0.5627552871627344
503,0.4100759184029075,0.44557461727494957,0.5628383014836287
504,0.4101235162583191,0.4457016479697997,0.5628917846121947
505,0.41017106898742756,0.445830225499413,0.5629734720125291
506,0.4102184379002325,0.4459581900578371,0.5630067714047959
507,0.4102651133796358,0.4460838803227684,0.5631128331085906
508,0.41031177238668237,0.4462110366861129,0.563127411999379
509,0.4103579606932847,0.4463335606694424,0.5631433749605824
510,0.4104041384351598,0.446458066325672,0.5632272048146569
511,0.4104502286963115,0.4465826725848744,0.5633536861510038
512,0.4104960634750777,0.4467059786826046,0.5634104388999704
513,0.41054176353489347,0.4468294293909499,0.5635344619548366
514,0.4105873286076718,0.44695202076809765,0.563540888105295
515,0.4106335113873913,0.4470770155144848,0.5636400204568792
516,0.41067867139360237,0.44719995733591034,0.5637305508057522
517,0.41072856909571437,0.44733567350013786,0.5638383937479339
518,0.4107738797741006,0.44745973502726893,0.5640169238356787
519,0.4108189817434515,0.4475789670444546,0.5639896026056741
520,0.4108637953965169,0.4476980687576676,0.5639800613654096
521,0.41090739980631574,0.44781654308462354,0.5640728907158485
522,0.4109510726848968,0.44793407022319026,0.5641250871029129
523,0.41099447999647826,0.4480556240905568,0.5643783531154901
524,0.41103754477378485,0.4481718955975716,0.5644553081428718
525,0.41108048609203646,0.4482860971451211,0.5643779435542083
526,0.411123409786682,0.44840318211279534,0.5643966061891572
527,0.41116617821302326,0.448517073569118,0.5643344780940879
528,0.41120878619231716,0.4486471980611633,0.5647989781396505
529,0.41125113733215024,0.44877424421834583,0.5652683428048734
530,0.41129339981422885,0.44888853244950244,0.5653028200109715
531,0.4113354300596944,0.4490094386417665,0.5657306158305833
532,0.41137722352019535,0.4491312754329214,0.5661926430371511
533,0.4114185638965175,0.449247463284243,0.5662298006201981
534,0.411459831330407,0.4493563530516156,0.5662282382218127
535,0.41150095163122447,0.4494666969771404,0.5662873413024736
536,0.41154153785289654,0.4495770208040189,0.5663152421799688
537,0.4115820044019527,0.4496836907198608,0.566187382382144
538,0.4116236654063615,0.44979394286680174,0.5660793069487311
539,0.411663954361567,0.4499012322264458,0.5660637275842988
540,0.4117039716417173,0.45001055299113635,0.566142427309227
541,0.41174393327527703,0.45011732436165525,0.566141997894416
542,0.4117838569474332,0.45022440163135263,0.5661064987811087
543,0.411823722307524,0.45033554717829477,0.5663183132544761
544,0.411863456623282,0.45044419548413345,0.5663903037901221
545,0.4119033329374078,0.45055583027609036,0.5666227957181119
546,0.41194303042339037,0.45065815631578376,0.5664626273086477
547,0.4119827022529199,0.4507642855187652,0.5664204796759026
548,0.4120231118205906,0.4508746618111459,0.566435632143934
549,0.4120626552002684,0.45098254036188284,0.5665058480177525
550,0.4121020352265802,0.4510905158439655,0.566620200505374
551,0.4121413301814437,0.45119793108371903,0.566730537765876
552,0.41218040858651045,0.4513036181690717,0.566772489349171
553,0.41221963425259994,0.4514098925040324,0.5667912182932886
554,0.4122586402564965,0.45151594552525653,0.5668415194223444
555,0.4122975890360777,0.45162175932116316,0.5668925167867321
556,0.4123364560482539,0.4517379928341676,0.5674328078434645
557,0.4123752869470531,0.4518448971129234,0.5674754658360311
558,0.41241410700090286,0.45194800221679526,0.5673943814536975
559,0.41245284814686367,0.45204939956730167,0.5673346145989838
560,0.41249153412275447,0.4521521791298841,0.5673353238768831
561,0.41253012042307735,0.45225809595740685,0.5674684553812254
562,0.41256867649648316,0.45236437588675354,0.5676450022429713
563,0.41260702106584013,0.4524709766014662,0.5678347715571428
564,0.4126453618283308,0.45257670517900916,0.5679928174380533
565,0.4126832874996608,0.45267748797466095,0.5679503883335059
566,0.4127211948386784,0.4527799775601637,0.5679375222005999
567,0.41275905569552607,0.45288143832656447,0.567967801932492
568,0.412796857992635,0.452981749650506,0.5679377844450966
569,0.4128346124438963,0.453092467170868,0.5683320200234621
570,0.412872182195853,0.4531974620590135,0.5685323202778886
571,0.4129096769369526,0.45329849129755245,0.5685611344522872
572,0.4129469413199102,0.4533994131195583,0.568572782853346
573,0.41298401905748605,0.4534994733016985,0.5685807737823334
574,0.4130210525939979,0.4536029092140131,0.5688051783955868
575,0.4130579744371486,0.4537002241868254,0.5687326892765326
576,0.41309488348112083,0.4537994050114194,0.5686520003869489
577,0.4131317855781708,0.4539026033106958,0.56883548134982
578,0.41316866918041356,0.4540031081811511,0.5688411396587466
579,0.41320553784469266,0.45409536031989167,0.568803933874881
580,0.4132422681233353,0.45419615621381204,0.5688459145624727
581,0.41327890572442955,0.4542975273201672,0.5689745833378765
582,0.4133153695106777,0.45439214322130195,0.5688851601359797
583,0.41335177569246123,0.45449164905887324,0.5688696244135519
584,0.41338807200739225,0.4545930044646151,0.5690672964918054
585,0.41342412071496026,0.4546937129754699,0.5692480929607278
586,0.41346010012547246,0.4547869988198651,0.5692369345082662
587,0.4134959601326426,0.45487391219214957,0.5689224712589388
588,0.41353154316654106,0.4549710873297575,0.5689643049627949
589,0.413567065295656,0.45506736829725764,0.5690261981085685
590,0.41360258432273234,0.45516619352523,0.569100262880904
591,0.413638005288864,0.4552628516035855,0.5690459934954057
592,0.41367334523133625,0.4553572349568143,0.5690453755783367
593,0.413708667880055,0.45545185923295056,0.5689947208508281
594,0.41374397192452084,0.4555474970911273,0.5690056575236154
595,0.41377887262860885,0.45564232410683414,0.5689838167363407
596,0.41381371572742776,0.4557467107334553,0.5693945701501668
597,0.41384852611000905,0.455839917795458,0.5693809416094635
598,0.41388334677732413,0.4559371770465087,0.5695603553249774
599,0.4139180444165566,0.4560327715659635,0.5696405308205704
600,0.41395263341664845,0.45612770742079956,0.5697022063913799
601,0.4139871822126482,0.4562201283576262,0.5696843746330662
602,0.41402163593136854,0.45631196634853954,0.5696195282332087
603,0.41405564685834556,0.45640422126937336,0.5695606731747396
604,0.4140891192956622,0.4564959314518257,0.5696411085810923
605,0.41412252376223435,0.456586339015884,0.5696095286113152
606,0.4141556933826846,0.45667664352514675,0.5695951141072726
607,0.41418877951011196,0.4567693998523381,0.5697551235733626
608,0.4142218008493578,0.45686156768619457,0.5698567085693227
609,0.4142546399067324,0.45695345632197054,0.5699991636323083
610,0.41428744438395493,0.4570414492539345,0.5698731006707696
611,0.4143202109117037,0.4571306182049171,0.5698521968148812
612,0.41435285604486205,0.45722241810897996,0.5700180538034252
613,0.4143854620062931,0.4573125246269999,0.5701087913404803
614,0.41441793723842735,0.4574003876251246,0.5700300522042548
615,0.41445017834741604,0.4574869909834308,0.5699965240134359
616,0.41448239059248615,0.45757374910664167,0.5699640867945045
617,0.41451471244883253,0.4576606032030138,0.5699404232327943
618,0.4145467743268785,0.45774896460760756,0.5700018502178765
619,0.41458618745496917,0.45785614488212095,0.5700109972406533
620,0.4146182095068583,0.4579444103267519,0.5700702008868853
621,0.41465014743617423,0.45803142641403194,0.5700621542663568
622,0.4146818955749529,0.4581201217315591,0.5701631460559656
623,0.4147136056961374,0.45820920254226666,0.5703243601341174
624,0.41474517774177,0.45830019997268334,0.5704870950075335
625,0.41477661652106246,0.45838605354306344,0.5705333086879093
626,0.4148080475714182,0.4584703909199368,0.5704553398092451
627,0.4148393449194474,0.4585530737586494,0.5704270345177817
628,0.4148705772978684,0.4586313880113549,0.5703118736980733
629,0.4149017458514198,0.458714313180412,0.5702277863375244
630,0.4149328778188113,0.45879897367183076,0.5701815092819996
631,0.41496383481071286,0.45888597628678296,0.5702939767514941
632,0.4149957796683903,0.4589785819841188,0.5705027158002847
633,0.41502666172055214,0.4590629621383335,0.5705192001470016
634,0.41505740360452636,0.45914607440690475,0.570499272138242
635,0.4150879639655107,0.4592303759395726,0.5705489454175426
636,0.4151185068133997,0.4593104127581006,0.5704738787119105
637,0.4151490175252045,0.45939415325238775,0.5704956356216578
638,0.41517948658460313,0.459479638794708,0.5706259582537522
639,0.41520994636538355,0.4595631995617341,0.5706832531199825
640,0.4152402782381631,0.4596445528542465,0.5706630100521464
641,0.4152705831327154,0.4597276399851448,0.5706672143298193
642,0.41530081187747364,0.459812410560185,0.5708164130546692
643,0.41533097395657537,0.45989612530629725,0.5708876259358481
644,0.4153610242286928,0.459976731897915,0.570813879754757
645,0.41539123307753195,0.46005896998602447,0.5707663234758958
646,0.4154211882123906,0.4601422855603394,0.5708404112727399
647,0.4154510731266323,0.4602250939890266,0.5708768340272795
648,0.4154807442284413,0.4603045274673951,0.5708423250227357
649,0.415510361735971,0.4603947127438296,0.5712269649825394
650,0.4155399443605006,0.46047241097283653,0.5711740776190148
651,0.4155693639504051,0.46055135402005276,0.5711038605204628
652,0.41559875528733947,0.46063323826542013,0.5711717622318645
653,0.4156277705679687,0.4607170730386701,0.5713723185595171
654,0.4156567264013574,0.4607948810015733,0.5712641549681399
655,0.41568564541891784,0.4608724565502347,0.5712034320289224
656,0.4157144447676112,0.46095071945343674,0.5711822313629844
657,0.4157428645970799,0.46102881174397553,0.5711966168221827
658,0.4157712228671139,0.46110908687642205,0.5711977748443874
659,0.4157994704196634,0.4611873521475989,0.5712986562073002
660,0.4158276975118391,0.4612655217524813,0.5712743473264486
661,0.4158559090446475,0.46134192358930337,0.571217433164006
662,0.41588406292795016,0.46141727946207917,0.5711722871486823
663,0.4159121443799338,0.46149446010053813,0.5711664429841234
664,0.41593999878578325,0.46157059372694303,0.5711537851472633
665,0.41596775860983515,0.4616550479706911,0.5714930353612897
666,0.4159954490987464,0.46173024138715757,0.5714859890424463
667,0.41602304214713,0.46180524161217573,0.5714407426226582
668,0.41605056592099754,0.46188179470142854,0.5714774802932285
669,0.416078194455515,0.4619592669816343,0.5715916498223373
670,0.41610561289964765,0.46203442031490266,0.5715831872243148
671,0.4161329745634663,0.46211008266554443,0.5716224515118228
672,0.41616020097817547,0.46218676738988235,0.5717155282022885
673,0.41618727543058964,0.4622600708195155,0.5717057386708473
674,0.4162143450935325,0.46233614435569315,0.5718124886864668
675,0.41624137716764575,0.46241055235406825,0.5718879774830535
676,0.41626839725351383,0.4624830116561843,0.5718224871659553
677,0.41629536358524405,0.4625596476534614,0.5719575317731214
678,0.41632265177768885,0.4626366920644292,0.5720581684860824
679,0.4163495176691224,0.46270894531974355,0.5720762581823156
680,0.4163762806422254,0.4627897320602335,0.572367590407085
681,0.41640295067681043,0.46286364757332604,0.5723848287751228
682,0.41643739121999,0.462961602082564,0.5725631708412122
683,0.4164640382342513,0.4630372986555014,0.5726974450657085
684,0.4164905662150361,0.4631122869503263,0.572786532618157
685,0.41651701891905923,0.4631866978959496,0.572889500308206
686,0.4165434528392248,0.4632603560338968,0.5729546598313732
687,0.41656987822374036,0.46333776091966056,0.5732567695604207
688,0.4165960422808125,0.4634061383593803,0.5731371516985003
689,0.41662208631781616,0.4634798128337777,0.5732242202723086
690,0.4166480548678091,0.46354908520503646,0.5731466687119994
691,0.4166739282661805,0.4636192955358692,0.5730937431339636
692,0.41669974262433684,0.4636913997898589,0.5731725725416205
693,0.4167255470363441,0.4637612949418664,0.573153031196899
694,0.4167513196753568,0.4638363134930924,0.5733428265390461
695,0.41677703133105504,0.46390825585458756,0.5734039583566822
696,0.41680272569850585,0.46397882637881666,0.5734148988944336
697,0.4168284145080383,0.4640509645192702,0.5734925741711431
698,0.4168539656933817,0.46411651136907217,0.57331543314173
699,0.41687944096512175,0.46418573228848575,0.5732400213510229
700,0.41690490611083686,0.46425822121752264,0.5733655731345029
701,0.4169303697644209,0.46432722524846115,0.57327688903286
702,0.4169581092513205,0.4644020956054925,0.5731910611133904
703,0.4169835136143344,0.46447444396976684,0.5733125790179943
704,0.4170088325664517,0.4645440766531471,0.5733372652006398
705,0.4170340754341611,0.46461317954537296,0.5733033542900258
706,0.41705923274973034,0.46468942338532315,0.5737162947660438
707,0.41708430238380334,0.46475763813030785,0.5736529743362504
708,0.4171093571189043,0.4648275149638634,0.5737408618528712
709,0.4171343103833096,0.4648941199384337,0.5737076859174678
710,0.4171591259846549,0.4649639671902646,0.5737960165762762
711,0.4171839056379646,0.46503950225749396,0.5740783259709339
712,0.4172086769819648,0.46510828881674965,0.5741156486514499
713,0.4172334543520033,0.46517611158434136,0.5741026154764465
714,0.41725912984487223,0.46524697433234746,0.57410062299248
715,0.4172838828396721,0.46532080029694256,0.5743325602484506
716,0.41730861287993354,0.46539121370854875,0.5744485862820986
717,0.41733314316229797,0.46546010261197884,0.5744345823990697
718,0.417357654395343,0.4655267760917517,0.5744103528899358
719,0.4173821314936973,0.4655938479343951,0.5743808208042197
720,0.4174065889170453,0.46566108995365735,0.574385191837414
721,0.41743100863327187,0.4657283901834171,0.5744051679402212
722,0.4174554059330087,0.4657941073522017,0.5743323637564809
723,0.41747970000253914,0.46585941754424626,0.5742219573091745
724,0.4175039768802311,0.46593384166235735,0.5745063659376507
725,0.41752814473916405,0.4659986193415913,0.5744347181985858
726,0.41755221659868913,0.46606441441964885,0.5744258174696034
727,0.41757628637275557,0.4661332737536567,0.5745449770387562
728,0.41760033320494205,0.4662017864997771,0.5746756092368986
729,0.41762432845300174,0.4662671206386543,0.5746025499138662
730,0.4176482323244718,0.46633406828872465,0.5746601899958251
731,0.4176720799456962,0.4664000555180467,0.5747111946472533
732,0.41769586290729765,0.466465316010129,0.5746765869914726
733,0.4177192762753532,0.46652719637591983,0.5746863504318842
734,0.41774266457219517,0.46659215075454946,0.5747111780065448
735,0.4177660066194885,0.4666561315488265,0.5746820442371391
736,0.4177890529167983,0.4667221683883749,0.5748034836794844
737,0.4178120942773854,0.46678327670124314,0.5747554708901148
738,0.41783510570787863,0.46684834118623103,0.5748298944729814
739,0.4178580761352574,0.4669160855103785,0.5751395241175791
740,0.41788101562982294,0.466979607019352,0.5751484746152147
741,0.4179039249385268,0.467043885303316,0.5752067164179452
742,0.41792678327609123,0.4671095732468341,0.5753286475537709
743,0.41794962165054916,0.46717188302018015,0.5752996460688976
744,0.4179722694857778,0.4672356113948554,0.5753632478957929
745,0.4179948993709795,0.46729861977175846,0.5754175135164395
746,0.418017462107405,0.4673602290635441,0.5754023072231437
747,0.41804000043625844,0.4674215314616361,0.5753110489002243
748,0.4180623094091866,0.46747953775551443,0.5751783582040884
749,0.41808455319321264,0.46754253857399214,0.5752372437302994
750,0.41811064399294395,0.46761880961697877,0.5754312115580893
751,0.41813279692542166,0.4676804156501217,0.5754546992382029
752,0.4181548747295931,0.4677420809433565,0.5754951453292617
753,0.4181768920302718,0.4678026224141302,0.575517218726919
754,0.4181988890237981,0.4678655543594421,0.5756198842436238
755,0.4182208568164869,0.4679250398852682,0.5755546144872461
756,0.41824272797946516,0.4679832872680489,0.5754019222991014
757,0.41826438245175784,0.4680453380391435,0.5755052815964724
758,0.4182857035740525,0.468103110350401,0.5755076573656919
759,0.41830695522903527,0.4681619927213441,0.5755066314433923
760,0.4183281794048909,0.46822494439794077,0.5758845425845095
761,0.41834939141711747,0.46828491501081393,0.5759471445342453
762,0.41837059943055654,0.4683436820254365,0.5759096583875551
763,0.4183917848516935,0.46840137228956386,0.5758540973267909
764,0.4184128843589166,0.46845995935373347,0.5758656571324231
765,0.4184339115207224,0.468520338424545,0.5759727929009237
766,0.41845493171937637,0.468580866323492,0.5760805427396191
767,0.4184759442620547,0.4686408690928778,0.5761598041423512
768,0.41849695265786324,0.46870089686818933,0.5763023121540499
769,0.41851794417961197,0.46876024259059557,0.5763445397446683
770,0.41853913436548723,0.46881941057111526,0.5763333927553196
771,0.41856010659718285,0.4688753912182262,0.5762399181383174
772,0.418581069904825,0.46893028557283933,0.5761319918058171
773,0.4186019504636542,0.4689871528934271,0.5760895757968165
774,0.4186228035750488,0.4690434966593602,0.576032108686532
775,0.41864364630451967,0.4691009922977392,0.5760184691500939
776,0.41866445983944445,0.4691592079327178,0.5760385897853608
777,0.41868515837679543,0.4692173811461381,0.5760918580957725
778,0.418705830542291,0.4692741773643287,0.5760521451845684
779,0.4187263492985216,0.4693313413265736,0.5760626641107663
780,0.4187468761354916,0.46938918735167956,0.5761009449879461
781,0.41876729323777206,0.46944749149628123,0.5761809622811443
782,0.4187876478735307,0.46950398461589293,0.5762022224272437
783,0.4188079666696354,0.469561920887433,0.5762788736412906
784,0.41882804482455627,0.46961750259851887,0.5762859943473616
785,0.41884801543862976,0.4696725520605938,0.576299355570914
786,0.41886796208924015,0.46972740453596734,0.5762804736114817
787,0.41888786645754006,0.46978344288992285,0.57631748421096
788,0.41890774664247643,0.46983756422094203,0.5761945407119815
789,0.4189276252741313,0.46989183464734685,0.5761277620855124
790,0.4189474832408709,0.46995208386986104,0.5763263261709901
791,0.41896732982692797,0.47000751341992014,0.5763670506432044
792,0.41898711946109535,0.4700595812206687,0.5762476980651359
793,0.4190067756240884,0.47011877397708973,0.5765145355502355
794,0.4190263680150139,0.4701732555710083,0.5765224521227051
795,0.4190458438648159,0.4702250802522331,0.5764718365333724
796,0.4190653021660477,0.4702803446947436,0.5765359266222533
797,0.41908474595491707,0.4703350168089509,0.576557366089801
798,0.41910414758094916,0.4703880173235839,0.5765299206353924
799,0.41912354371411253,0.47044100798311406,0.5764453487527746
800,0.4191433590649791,0.4704947057263681,0.5763607019378867
801,0.4191626874933101,0.4705473166352917,0.5762843953437247
802,0.4191834617968889,0.4706046811538918,0.5763117592332273
803,0.4192026686259899,0.470657746584326,0.5763369405345834
804,0.41922187394598287,0.4707124438982442,0.5764130456216072
805,0.41924107285501416,0.4707655060317691,0.5763994675563573
806,0.4192602607572396,0.47081561287210005,0.5762664847698852
807,0.41927941114093115,0.47086816683321614,0.5762134449409518
808,0.4192984502855902,0.4709198086593085,0.5761561771145942
809,0.41931729559927583,0.47097188528951967,0.5761501393954126
810,0.41933610470279026,0.47102645785814473,0.5762519026602247
811,0.41935490651230367,0.47108020920417626,0.5763166473465534
812,0.4193736561178801,0.47113309251057434,0.5763420892860521
813,0.4193923966244245,0.47118422018255013,0.5762926123544542
814,0.4194111235263194,0.4712350658609032,0.5762471776869821
815,0.41942978751434556,0.4712894469853681,0.576358855378394
816,0.4194484382699355,0.4713410177261948,0.5763522020991125
817,0.4194670738877821,0.4713922545517173,0.5763198191200436
818,0.41948562129138633,0.4714465245761369,0.5764401047474134
819,0.4195041624710619,0.4714974990615694,0.5764125582827004
820,0.4195226621015304,0.47154927507634725,0.5764278880832258
821,0.41954111620060014,0.47160032036559935,0.5763872319043961
822,0.41955945435870123,0.4716517778337264,0.5764168384766543
823,0.41957775747013226,0.4717009563574665,0.5763391578542215
824,0.4195960138952371,0.47175108266798466,0.5762969243442762
825,0.4196142056214259,0.4718003143759047,0.5762298835726243
826,0.41963236702965534,0.4718491179026449,0.5761382680398
827,0.41965047108939535,0.4719021502835919,0.576252936601148
828,0.4196685652070356,0.4719472504200183,0.5760097961733364
829,0.41968665048190434,0.47199700547241763,0.575987632571968
830,0.4197047334742504,0.4720480444631264,0.5760277755480495
831,0.41972279738332224,0.4720982952019751,0.5760226326379457
832,0.41974080641126615,0.47215058922066333,0.5761125703647569
833,0.41975879379102043,0.4722033134357503,0.5762345421435977
834,0.419776751387493,0.4722530090042042,0.5762246682398326
835,0.4197947019530889,0.4723033327962127,0.5762542024185934
836,0.419812608135063,0.47235278932940444,0.576234631704893
837,0.41983050880130557,0.47240195764478277,0.5761748570660957
838,0.41984835103819207,0.472451702058171,0.5761659571010381
839,0.41986618946951887,0.47250213657228934,0.5762206320008878
840,0.41988395990334476,0.47255110149279067,0.5762115292420444
841,0.4199017260417873,0.472600210363291,0.5762003852728781
842,0.4199194015820717,0.47264911898513867,0.5761832665975006
843,0.4199370589006992,0.4726991046777619,0.5762277048207347
844,0.41995471458514566,0.47274791426729373,0.5761929690454526
845,0.41997232644751203,0.4727987926272785,0.5762757464412761
846,0.4199899649538299,0.47284804755474275,0.5762865604746739
847,0.4200075314471525,0.47289781861800145,0.5763188443211774
848,0.4200250882237051,0.4729463418203893,0.5762968551667439
849,0.4200426218710994,0.47299465593094037,0.5762441568900082
850,0.4200601476478189,0.47304211986973943,0.5761898346646083
851,0.4200775501806507,0.4730904892410746,0.576229608931386
852,0.42009494255322033,0.4731411977638551,0.5763271756159452
853,0.42011231179162933,0.47319010041506143,0.5763525115561556
854,0.42012964141945025,0.4732373125605004,0.576279072207299
855,0.4201469510550018,0.47328500950902885,0.5762329772793483
856,0.4201642537141618,0.47333381392059787,0.576260888948563
857,0.4201815053720459,0.47338052555308285,0.5761144915386042
858,0.4201987111817673,0.4734264739806057,0.5760174106759627
859,0.4202158441767613,0.47347663387886585,0.576118739834931
860,0.42023293666319417,0.4735254828738961,0.5761644972969482
861,0.42024997583256757,0.4735733739312063,0.5761860481327054
862,0.4202669727784523,0.4736200763534518,0.5761577348939492
863,0.4202839256460127,0.4736686075971243,0.5762086228011648
864,0.4203008650224058,0.47371442237282074,0.5761580636409132
865,0.42031774732378696,0.4737630438454523,0.5762270632600843
866,0.4203346164472548,0.4738104933146166,0.5762244118598078
867,0.4203514754176068,0.4738594852182869,0.5763127493854031
868,0.42036830535503333,0.47390619206637796,0.5763118704449385
869,0.42038509586422457,0.4739537855496751,0.5763360459714951
870,0.42040184074602605,0.4740010414414566,0.5763773177914336
871,0.42041855270730577,0.47404817625275053,0.5764059875147292
872,0.42043526217031874,0.4740966287674608,0.5764844974618777
873,0.4204519517769424,0.4741448382704158,0.5765541357971591
874,0.42046855249966836,0.4741937417492069,0.5766615760749595
875,0.42048513380731384,0.4742390720035074,0.5765886355982377
876,0.4205017081173033,0.4742862903606169,0.5766307721970774
877,0.42051825370412327,0.47433419990153236,0.5767045857422711
878,0.4205347865063936,0.47438017669427435,0.5766998016068197
879,0.4205513105139244,0.47442631030667515,0.5766838161034513
880,0.4205678040390397,0.47447158053848776,0.576629405939002
881,0.42058417938204146,0.47451635496596073,0.5766035968597472
882,0.4206005394968666,0.47455986031887093,0.5764824976226913
883,0.42061689219781995,0.4746080244968219,0.5765853375960194
884,0.4206332483033219,0.47465567186775753,0.5766669329222661
885,0.4206495899742538,0.4746972574422343,0.5765026182515081
886,0.4206658601684835,0.47474252409609413,0.5764736895784386
887,0.42068210784664317,0.4747875455247433,0.576429152566997
888,0.4206983388811285,0.4748318346268758,0.5763971931394314
889,0.4207145699512024,0.4748802667482821,0.576516878800638
890,0.4207307993917919,0.4749266435966282,0.5765604178698169
891,0.4207469918157777,0.47497003535273014,0.5764889957206883
892,0.42076316439877276,0.4750138743824472,0.5763675011005744
893,0.42078043262369597,0.4750618739510582,0.5763493064258208
894,0.4207970507131389,0.47510824429279985,0.5763283359286843
895,0.4208132211035243,0.4751534090252694,0.5763240695686457
896,0.42082937798353315,0.4751988107265062,0.5763384410372063
897,0.4208454558821381,0.4752430714194629,0.576309012501171
898,0.4208615175561462,0.4752880718190618,0.5763204291970627
899,0.42087747514374707,0.4753339211878928,0.5763836804606437
900,0.42089334454483407,0.4753786311919353,0.5763844240469673
901,0.4209092007349904,0.47542322874218357,0.5763846548702808
902,0.4209249616002766,0.47546896812166656,0.5764553148603356
903,0.42094070833993,0.4755133515523185,0.5764704850950728
904,0.42095642828331187,0.47555593042070354,0.5764013824700539
905,0.4209721145336259,0.47560590015050697,0.5766376040083584
906,0.4209877975041509,0.47565041913384576,0.5766646649250706
907,0.4210034565021236,0.4756955484096837,0.5767235057213709
908,0.4210190665818515,0.47574050499289117,0.5767763256969526
909,0.42103465181071914,0.4757844719440139,0.5767833192118942
910,0.4210502278282403,0.4758272190618386,0.5767445700916671
911,0.4210657634063901,0.475870069526893,0.5767103454312356
912,0.4210812460876291,0.47591261083670794,0.5766645029816738
913,0.4210966863710732,0.47595461310770887,0.5766178545838164
914,0.42111217423380415,0.4759986302165436,0.5766498850439127
915,0.42112760610788047,0.47604238995321996,0.576672829957921
916,0.42114298041631515,0.4760850577215231,0.5766511553692253
917,0.4211582726374352,0.47612624289890937,0.5765643616522913
918,0.42117354039224264,0.4761686502150726,0.5765388674093979
919,0.42118877363651325,0.4762125409147234,0.576590681088308
920,0.42120396470767013,0.47625456516525866,0.5764944610982384
921,0.4212191372907605,0.47629836149853744,0.5765406702927268
922,0.4212342583909233,0.4763408002958454,0.5765345294664065
923,0.42124936720864414,0.4763832448204752,0.5765403800856899
924,0.4212643219964868,0.47642450840600237,0.5765015446600251
925,0.4212792651233678,0.476468183555031,0.5765731392047715
926,0.4212942014322938,0.4765097420917081,0.5765542962298636
927,0.42130907747710544,0.4765504710678305,0.5765215488528591
928,0.4213237401009871,0.47659246396636407,0.5765505989436013
929,0.4213384016212112,0.4766348041512587,0.5766005319943366
930,0.4213530296420738,0.4766753502465348,0.5766293014664888
931,0.42136763622014983,0.47671699185563265,0.5766687665760634
932,0.42138223467530483,0.47675716938291096,0.5766079124501613
933,0.4213967437447137,0.4767973023187757,0.5765909153469885
934,0.42141123348200044,0.47683857541813573,0.5766153832748284
935,0.42142572260066974,0.47687737400839847,0.5765289208223703
936,0.42144020788181125,0.47691760650253906,0.5765376700586797
937,0.42145467987469337,0.47695765540321217,0.5764854733023286
938,0.421469112934643,0.47699831163247747,0.5765110314155237
939,0.42148341230403913,0.4770392269288519,0.5765414676728209
940,0.4214976910393916,0.47708004281226923,0.5765673316120494
941,0.42151194603323383,0.47711943709605686,0.576550883161894
942,0.42152618425556276,0.4771589465370078,0.5765374904262728
943,0.42154036387194693,0.47719930222493945,0.5765537308864196
944,0.4215545419047954,0.4772400352831275,0.5765909368832433
945,0.4215686815833981,0.4772798247185671,0.5765822492932853
946,0.4215827767126819,0.47731880599699233,0.5765328836237121
947,0.42159684378844053,0.47735783087903655,0.5765015091947184
948,0.421610869130284,0.47739771155594984,0.57652168441869
949,0.4216248936005147,0.4774362468351051,0.5764477855261093
950,0.42163891196956516,0.4774763015000852,0.5764991360721798
951,0.4216529278081132,0.47751566472019563,0.5764808599754628
952,0.42166691933565903,0.4775548390512888,0.5764649054206138
953,0.421680903341202,0.47759291941629745,0.5763953573251621
954,0.42169488555746243,0.4776300197803423,0.5763198630850217
955,0.4217088518369299,0.47767029129652633,0.5763617795280389
956,0.4217228137405278,0.47770917017284986,0.5763265520290051
957,0.4217367650544725,0.4777491953284021,0.5763598631373118
958,0.42175070454187746,0.47778664918064995,0.5762624956155038
959,0.4217646386920108,0.47782645357457465,0.5762899915437386
960,0.4217784745268338,0.4778653875784786,0.5762931134274418
961,0.4217922138532493,0.47790376821641084,0.576273002079284
962,0.4218059098533457,0.47794352476072305,0.5763261893463306
963,0.4218195860550103,0.4779816793029619,0.5763210035745655
964,0.4218332033501606,0.47802152107811796,0.5763843237556344
965,0.42184679622676396,0.4780579553424727,0.5762890514984983
966,0.4218603843273728,0.4780964255437003,0.5762884167621934
967,0.42187395114447607,0.47813588649416167,0.5763407833468818
968,0.42188750301018874,0.478173414496589,0.5763024522865111
969,0.4219010386796917,0.47821118713788324,0.5762671432191818
970,0.4219145308666187,0.47824958514978194,0.5762902403254446
971,0.42192797380532726,0.4782890684894733,0.5763565522272067
972,0.42194139549685145,0.47832736480243754,0.576378050142004
973,0.4219547835568521,0.478364965699843,0.5763764382231673
974,0.42196816533439135,0.4784031641503407,0.5763957807360266
975,0.4219814559128745,0.47843909652770406,0.5763320655253907
976,0.4219947287484409,0.47847632572105814,0.5763087971638471
977,0.4220079690950361,0.4785144493392579,0.576334682983547
978,0.42202110302258544,0.4785527546703933,0.5763949270119357
979,0.42203425108896664,0.4785909036295451,0.5764435748641357
980,0.4220473684946693,0.47862740135724696,0.5764209596478033
981,0.4220604945819354,0.47866342587985816,0.5763707855998147
982,0.4220735171913662,0.4787001848383374,0.5763686894986546
983,0.4220864767518035,0.4787372212244328,0.5763876606018392
984,0.42209943414067974,0.47877241015949745,0.5763188114818208
985,0.4221123761992115,0.4788079350338977,0.5762742376033391
986,0.4221253003046015,0.4788447932911198,0.5762918614106756
987,0.42213820017431036,0.4788806497727829,0.5762913597688307
988,0.4221510839632696,0.4789175936658239,0.5763179196995272
989,0.42216396331419326,0.4789538401076168,0.5763045802523015
990,0.42217678665793856,0.4789899925201196,0.5763007426574446
991,0.4221895936966079,0.4790263957025421,0.5763104255641273
992,0.4222024155048696,0.47906297496713224,0.576328564235838
993,0.4222151856390682,0.47909941562196595,0.5763392088124025
994,0.42222792536116477,0.4791354651884315,0.5763328628244342
995,0.42224067558557454,0.4791718620895948,0.5763418001437736
996,0.422253417262139,0.4792067066107476,0.5762828671701801
997,0.42226610436350775,0.4792426463456096,0.5762828371442443
998,0.4222787791627334,0.47927442351058536,0.5761362061389222
999,0.42229144744121927,0.47930885305803833,0.5760854709347994
1000,0.422304084628479,0.4793445968699153,0.5760881704139992
1001,0.42231670845127567,0.4793823681598235,0.5761826067146061
1002,0.4223293167618397,0.47941902810581954,0.5762273084229006
1003,0.42234189423610524,0.47945438887089586,0.576219952768449
1004,0.4223544502942442,0.47949013408587965,0.5762212159561408
1005,0.422367001832508,0.4795263453867529,0.5762561107463067
1006,0.42237952292878245,0.47956039186577876,0.5761974238164276
1007,0.4223920284921358,0.47959671825523154,0.5762394526506947
1008,0.4224045090854329,0.4796319289437836,0.5762466383676591
1009,0.4224169865673773,0.4796665290277125,0.5762189811596763
1010,0.42242940697527226,0.47970204864163996,0.5762437189508864
1011,0.4224418204899054,0.47973662259842337,0.5762259552823055
1012,0.4224542316558699,0.4797753160567429,0.5763798074721781
1013,0.4224666376135,0.4798094431282906,0.576321572384918
1014,0.4224790371345988,0.47984482983081633,0.5763487770041654
1015,0.422491437004559,0.4798806501341742,0.5763961228678299
1016,0.42250384433112725,0.4799149466555392,0.576354061162334
1017,0.422516179467122,0.4799507302923738,0.5763934550211521
1018,0.42252850322569635,0.47998547880487485,0.5763909543587022
1019,0.4225407951643747,0.4800218756293084,0.5764593160739668
1020,0.42255306720587527,0.4800566102038467,0.5764576250771356
1021,0.42256532210049724,0.4800890862234622,0.5763203510861156
1022,0.422577559214307,0.48012323594064105,0.5762956235930923
1023,0.42258979530197105,0.4801588973097944,0.5763425281616924
1024,0.42260197190271104,0.48019440010789255,0.5763874488968774
1025,0.4226141389521917,0.48022863948401046,0.5763800892536515
1026,0.4226262750654963,0.48026200782806117,0.5763362104800622
1027,0.42263838667676923,0.480294224462247,0.5762232628681173
1028,0.4226504860091955,0.48032923903594255,0.576257651642877
1029,0.42266255488439936,0.4803621230013936,0.5761963154265753
1030,0.4226746126078063,0.48039731711954287,0.5762543761997174
1031,0.42268664123663047,0.48043095134090275,0.576237018432566
1032,0.4226986534042255,0.48046771558889256,0.5763554388855341
1033,0.42271065487088455,0.48050172197755253,0.5763546777368416
1034,0.4227226286611899,0.48053374326095644,0.5762829269174209
1035,0.4227345799636637,0.48056744546227476,0.5762656584968371
1036,0.4227464698247919,0.48060225972050524,0.576316797981971
1037,0.42275835935208944,0.4806376329843717,0.5763966841476176
1038,0.4227702018138788,0.4806714064780505,0.5763993153081285
1039,0.42278202922763186,0.48070422007338287,0.5763673813427069
1040,0.4227938260743188,0.4807388554280114,0.5764225379489705
1041,0.42280556782496614,0.4807712625955682,0.5763908033417663
1042,0.42281729268161306,0.48080424544228767,0.5763814972914989
1043,0.42282900334685203,0.48083763892995335,0.5763836542755183
1044,0.42284069769660265,0.4808714661841161,0.5764180633688947
1045,0.4228523330708256,0.48090520216045796,0.5764505756129814
1046,0.4228639252317675,0.4809386767818661,0.5764783230411792
1047,0.42287548676432596,0.48097136000570867,0.5764727680329707
1048,0.42288701735530776,0.4810033153361316,0.5764383357211387
1049,0.42289853001623406,0.4810364771746241,0.5764627254706542
1050,0.4229100338406212,0.48106980365138646,0.5764967225723506
1051,0.4229215071121629,0.48110233323428875,0.5764925491701377
1052,0.4229329453160807,0.4811326997732882,0.5764126370511385
1053,0.42294436396043533,0.4811645535793435,0.5763878398749325
1054,0.4229557750344924,0.48119682208966236,0.5763790845298483
1055,0.422967172485743,0.4812290019137396,0.5763623527349858
1056,0.4229785695123446,0.48126107597177337,0.5763504538548487
1057,0.4229899513077343,0.48129304689656005,0.5763290469949865
1058,0.4230013123424674,0.4813255071477818,0.5763299094389572
1059,0.42301264447320863,0.4813583141676403,0.5763566784384293
1060,0.42302396742473264,0.4813905644583376,0.5763615657520794
1061,0.42303529007630003,0.48142152431111906,0.5763096535504688
1062,0.4230466066656381,0.4814537039370291,0.5763152243545061
1063,0.42305789622748413,0.48148592348239605,0.576323299367971
1064,0.4230691810149131,0.48151699467982845,0.5762642089100083
1065,0.42308045255887483,0.4815483667196708,0.5762257306472527
1066,0.42309170958734155,0.4815794863323729,0.5761914869529423
1067,0.4231029406521809,0.4816111236387888,0.5761792609702626
1068,0.4231141667245936,0.48164274788216555,0.5761564247028007
1069,0.4231253859960274,0.4816748818011881,0.5761707905200065
1070,0.42313656144943734,0.4817071514961068,0.5761924394672244
1071,0.42314766419648836,0.48173855728197346,0.5761827229855757
1072,0.4231587028279252,0.48176992630462184,0.5761708428976985
1073,0.4231696751579437,0.48180032960676084,0.5761369758471954
1074,0.42318064312593795,0.48183105488102224,0.5761171021949485
1075,0.4231915914472736,0.48186108951131273,0.57606891593372
1076,0.4232025375134471,0.4818918665217138,0.5760538685885207
1077,0.4232134273759931,0.4819225767803253,0.5760371407916308
1078,0.42322429763116787,0.4819531581319093,0.5759942014311399
1079,0.42323513117248834,0.4819836182067221,0.5759790857009831
1080,0.42324595752056304,0.4820141038591574,0.5759629848926878
1081,0.4232567723529985,0.4820448165561365,0.5759582290423649
1082,0.4232675676564289,0.4820766933479706,0.5760103881963642
1083,0.4232782998735024,0.4821077350559466,0.5760333990215725
1084,0.4232889969670841,0.4821381847030434,0.5760341491482946
1085,0.4232996628297617,0.4821679679311595,0.5759919416852759
1086,0.42331029014598054,0.4821974668826301,0.5759491754173132
1087,0.4233208812601415,0.48222728296456213,0.5759141389826666
1088,0.42333182965969096,0.48225804302225134,0.5758886351841704
1089,0.4233424098991409,0.4822883480570606,0.5758990715127472
1090,0.423352918893938,0.4823184556654516,0.5759083782621848
1091,0.42336339851915256,0.48234778849325755,0.5758881148671846
1092,0.4233738684048779,0.4823766126872679,0.5758445478709775
1093,0.42338430760728873,0.4824052834469317,0.575787593764564
1094,0.4233947341776643,0.48243453330675956,0.5757566617557979
1095,0.4234051209569455,0.482464035696814,0.5757546614971893
1096,0.4234154903475899,0.48249335813162886,0.5757578482932758
1097,0.42342582649426014,0.4825242978477198,0.5758276258831067
1098,0.42343612148332566,0.48255265556461,0.575774443831465
1099,0.42344640203311307,0.48258191721984495,0.575771341763882
1100,0.4234566609453027,0.4826108421520173,0.5757622220780888
1101,0.4234669140159021,0.48264046925699017,0.5757810782000712
1102,0.4234771437751135,0.4826698191366158,0.5757948719866279
1103,0.42348735941808957,0.4826984176582284,0.5757709343175489
1104,0.4234975640596699,0.4827270463322013,0.5757489575407888
1105,0.4235077661132022,0.4827557955987502,0.5757335673430507
1106,0.42351795293580735,0.4827843229401449,0.5757006962305466
1107,0.4235281336413609,0.4828123437032088,0.5756457097555191
1108,0.4235382757924687,0.4828406507133465,0.5756237741727682
1109,0.4235484101181834,0.48286930700565,0.5756163955136712
1110,0.42355854150228445,0.48289870384672284,0.5756463322848949
1111,0.4235686725559054,0.48292810232437805,0.5756697715905932
1112,0.42357880273484183,0.4829564139685586,0.5756463724013814
1113,0.4235889289314847,0.48298561393048856,0.575641749372125
1114,0.42359902870364075,0.4830139215773492,0.5756189484216742
1115,0.4236090975181235,0.48304349922381096,0.5756584122096139
1116,0.4236191639123739,0.4830704877096313,0.5755743387865312
1117,0.42362922828810745,0.48309958319358187,0.5755927751181352
1118,0.42363928903286907,0.48312746519167765,0.5755530649195197
1119,0.42364931255019594,0.48315595494566027,0.5755488750908305
1120,0.4236593330699975,0.48318450013145686,0.5755434106943765
1121,0.4236693288202349,0.4832130794714425,0.5755471908990715
1122,0.4236793205252374,0.48324142114260615,0.5755446002632449
1123,0.42368923703773365,0.4832696027083798,0.5755399275037045
1124,0.4236991230638978,0.4832977119645461,0.5755351148243909
1125,0.42370895351398785,0.48332449945745154,0.5754775980216
1126,0.42371874206851234,0.4833508970770102,0.5754124360339312
1127,0.4237285076352776,0.4833788269092832,0.5754174247048489
1128,0.4237382701647913,0.4834063484061247,0.575402310858356
1129,0.4237480199238166,0.48343394037249493,0.5753902687894557
1130,0.4237577441795617,0.4834624919452046,0.5754467821145577
1131,0.4237674295260474,0.4834897095558213,0.575423443771702
1132,0.4237771027661146,0.4835165047372668,0.5753851068832219
1133,0.42378675934419097,0.483542992362664,0.5753418704445297
1134,0.4237963391898616,0.483570214439268,0.5753462228754993
1135,0.423805843493395,0.48359719101003185,0.5753448464740153
1136,0.42381529909208615,0.48362423710181107,0.575329809513123
1137,0.4238247440376631,0.4836507283513139,0.5753048216115788
1138,0.42383417101750986,0.4836767701109242,0.5752650677317304
1139,0.4238435656100736,0.48370322153741646,0.5752417522237078
1140,0.4238529548157469,0.4837304341534258,0.5752604688214861
1141,0.4238623315974705,0.4837572336164043,0.5752596327774692
1142,0.4238716837049713,0.4837833955476486,0.5752330711939142
1143,0.42388100178965726,0.4838097163582414,0.575218009338721
1144,0.42389027208169605,0.4838348972928374,0.575150877197991
1145,0.42389951754098576,0.4838614995343679,0.5751589383992799
1146,0.42390875518172777,0.48388729830703653,0.5751278326966479
1147,0.4239179747691195,0.4839130023652342,0.5750946368818947
1148,0.4239271473917525,0.48393819004430266,0.5750427536750147
1149,0.4239363102818661,0.4839648718513284,0.5750636685442434
1150,0.42394546834375035,0.48399083880113397,0.5750506616355134
1151,0.4239545976856549,0.48401607527899054,0.5750041851995414
1152,0.4239637103748212,0.48404293544102217,0.5750441753342256
1153,0.42397273840840655,0.48406132654766687,0.5747222360902082
1154,0.42398176627273854,0.48408672254460156,0.5746907624653682
1155,0.4239907834520279,0.4841124140951883,0.5746887546795074
1156,0.423999799992021,0.48413886085351476,0.5747224719178791
1157,0.4240087982230804,0.48416370152417915,0.5746734473240843
1158,0.42401779016214813,0.4841891380372742,0.5746592679619308
1159,0.42402677038470377,0.48421462795830883,0.5746494775395482
1160,0.42403574786593223,0.4842399397074444,0.5746312129413376
1161,0.42404463044520974,0.48426461565071705,0.5745851175617422
1162,0.424053481233051,0.48428918526322046,0.5745488532188219
1163,0.42406231035356357,0.4843164408063182,0.574690691983189
1164,0.42407111173122347,0.48434068742967806,0.5745904456106595
1165,0.424079897056431,0.4843653239839127,0.5745441773059089
1166,0.4240886458495577,0.48438913487933605,0.5744427285691615
1167,0.4240973875928712,0.48441451750442904,0.5744630727161095
1168,0.424106134908418,0.4844392629228365,0.5744459754070831
1169,0.4241148442336088,0.4844629538198106,0.5743649999464427
1170,0.42412352449814805,0.48448613417630687,0.5742857919069023
1171,0.42413218869622976,0.48451069789908985,0.5742736315652743
1172,0.4241408244779512,0.4845348002704495,0.5742313273153575
1173,0.4241494425596239,0.4845580186465773,0.5741631557748275
1174,0.4241580370418524,0.4845821426702627,0.5741544338296201
1175,0.42416661805168404,0.4846066419647679,0.5741493642269176
1176,0.424175166914477,0.4846308613119152,0.5741356377900427
1177,0.4241837135525459,0.4846544316863655,0.5740851128536782
1178,0.4241922539516187,0.48467828614365205,0.5740543594112348
1179,0.4242007685429261,0.4847028133245599,0.5740682462171165
1180,0.42420927876266756,0.4847277621539386,0.5740969112578856
1181,0.42421777815130435,0.484751898947203,0.5740861903924204
1182,0.4242262718332737,0.4847760206441479,0.5740755466902705
1183,0.424234746779691,0.48479915541305774,0.5740209100527696
1184,0.424243212394294,0.4848228417457945,0.573978352699984
1185,0.4242516544885172,0.48484692677905317,0.573972686690832
1186,0.42426009349244787,0.484870636537442,0.573946970541996
1187,0.424268507968958,0.4848938381527255,0.5738952792467185
1188,0.4242768970410776,0.48491778550983733,0.5738914665873074
1189,0.4242852723920837,0.48494130058330337,0.5738566985198138
1190,0.42429364174170514,0.48496468441677204,0.5738273146565435
1191,0.4243019910374165,0.4849881751566935,0.5738050807986415
1192,0.4243103291042306,0.4850113883031472,0.5737717795850081
1193,0.42431862083864413,0.48503514449986723,0.5737701651033776
1194,0.42432690076503193,0.48505824320797675,0.5737332660960116
1195,0.424335114417479,0.4850818058771791,0.573733304705908
1196,0.42434330187236174,0.48510501559645497,0.5737261293834206
1197,0.42435146436020416,0.4851285866277457,0.5737342128728764
1198,0.4243595786693728,0.4851511911515639,0.5737109181548133
1199,0.4243676861441381,0.4851739099909236,0.5736822657968251
1200,0.42437578517468055,0.48519652469024743,0.5736469357367294
1201,0.4243838822715592,0.485219373448721,0.5736179962763858
1202,0.4243919664612456,0.4852424554016737,0.5736125759329543
1203,0.42440000835156805,0.4852648278006969,0.5735767839000872
1204,0.4244080391165227,0.4852874373376535,0.573549941399171
1205,0.4244160352721259,0.4853101306306749,0.5735324018662485
1206,0.42442401316800166,0.48533236167639454,0.5734937781046319
1207,0.42443195498958475,0.4853537500582961,0.5734068220561184
1208,0.4244398965754987,0.4853764959803952,0.5733979483726553
1209,0.42444782007098325,0.485397929457289,0.5733098597533274
1210,0.4244557199422211,0.48542029926767466,0.5732943050431422
1211,0.4244635927594975,0.4854428192087112,0.5732905656099764
1212,0.4244714529226333,0.48546505002398743,0.5732737872650031
1213,0.4244792324434192,0.4854868147446516,0.5732435145185308
1214,0.4244870011651638,0.4855087661252086,0.5732236924246275
1215,0.424494765104808,0.48553049417994937,0.5731940424686164
1216,0.42450248600535184,0.48555235094561383,0.5731762512342682
1217,0.42451018241095884,0.48557400605683343,0.5731544522992517
1218,0.4245178440634012,0.4855957264033581,0.5731388854409923
1219,0.4245255036156312,0.48561724861269295,0.5731091099715505
1220,0.4245331480356679,0.485638316300474,0.5730639151841522
1221,0.4245407812240327,0.48566007243793974,0.5730548299072631
1222,0.4245484133524826,0.48568181464167753,0.5730449040724308
1223,0.42455602997164826,0.4857031519399771,0.5730113193195001
1224,0.42456363847572404,0.4857248650291468,0.5729986607473946
1225,0.4245712444500568,0.4857468944436597,0.5730216830627638
1226,0.4245788192781979,0.48576810248638813,0.5729875323278749
1227,0.42458638121479064,0.48578976467773466,0.5729748556340317
1228,0.4245938957126507,0.4858105682596082,0.5729317275400513
1229,0.4246013982648923,0.48583183548661896,0.5729154549324164
1230,0.4246089006537472,0.48585313871912744,0.5729001254052919
1231,0.424616390078032,0.4858740937968338,0.572869306943317
1232,0.42462387664009704,0.48589571572437024,0.5728771576851106
1233,0.4246313616546849,0.48591682209310466,0.5728551025648039
1234,0.4246388098233163,0.48593819876477384,0.5728527734199412
1235,0.42464625372899734,0.48595846419429817,0.5727781783187058
1236,0.4246536291627158,0.48597936983069345,0.5727622383467768
1237,0.4246610006805984,0.48600020849817605,0.5727425483185108
1238,0.42466836623601184,0.48602103128426016,0.5727228345869901
1239,0.42467572120590424,0.4860427497166618,0.5727555204969249
1240,0.4246830739748345,0.48606341260973634,0.5727298861652725
1241,0.4246904245404306,0.4860853182792495,0.5727753265831712
1242,0.4246977195208411,0.48610582334965813,0.5727397960077186
1243,0.424705008213731,0.48612606073949105,0.572699617228216
1244,0.42471226760621095,0.4861473287427694,0.5727207772420789
1245,0.4247195157140946,0.4861675656431915,0.572681972342781
1246,0.4247267527417252,0.48618887267658223,0.5727085883942561
1247,0.4247339782259618,0.4862092900524128,0.5726859993479505
1248,0.4247412006590349,0.4862297618885621,0.572668319426781
1249,0.42474840417366483,0.4862495712943189,0.5726120522909087
1250,0.4247555989232117,0.48626981837032535,0.5725820724010781
1251,0.4247627930575227,0.4862898578385542,0.5725451581333035
1252,0.424769983135345,0.48630948521483985,0.572490428173047
1253,0.424777119847155,0.48632922813107066,0.5724572437823265
1254,0.42478425482225024,0.48634974179827095,0.5724555162638831
1255,0.4247913775268354,0.48636991026400433,0.5724354047923695
1256,0.4247984885682087,0.4863902586971185,0.5724283825784162
1257,0.42480554972764417,0.4864097448909316,0.5723689306095995
1258,0.42481260985017494,0.4864298071076139,0.5723407713067425
1259,0.42481963994468613,0.4864492821999456,0.5722985226385172
1260,0.4248266681219083,0.48646845051921633,0.5722335513689286
1261,0.4248336861685146,0.4864883348629833,0.5722153447106088
1262,0.42484070408920305,0.48650752660737484,0.5721603133556045
1263,0.42484759532574096,0.4865262789564937,0.5720783033256579
1264,0.4248544648290854,0.4865464269130537,0.5721023263056821
1265,0.4248613323526469,0.48656543387907336,0.572057579732076
1266,0.42486819337888865,0.4865846970182024,0.5720296139449642
1267,0.42487503326269704,0.48660390932910536,0.5719922733246122
1268,0.42488185875871154,0.4866230261442966,0.5719607658562615
1269,0.42488862261961,0.48664195844214053,0.5719095535818091
1270,0.42489537959155904,0.48666070319646987,0.5718654217492402
1271,0.42490211604865524,0.48667930292698475,0.5718007650847039
1272,0.42490883914993915,0.48669791711101373,0.5717571861624909
1273,0.42491551804798244,0.4867162611093031,0.5717042370383311
1274,0.4249221956627419,0.48673495385197096,0.5716740874179047
1275,0.424928821733586,0.4867534735258012,0.5716391428865545
1276,0.4249354094808129,0.48677236511019323,0.5716340457624608
1277,0.42494196771369813,0.48679067883412175,0.5715955453551782
1278,0.4249484992336342,0.4868085764520158,0.5715374655921575
1279,0.4249550277021598,0.4868277366454767,0.5715635385061854
1280,0.4249615273772867,0.4868460246999594,0.5715358527510025
1281,0.4249680046939643,0.4868645196194296,0.5715262855445704
1282,0.42497444025595715,0.4868824979867332,0.5714897451207587
1283,0.42498086313930356,0.4869007084015215,0.5714698914296666
1284,0.424987285202528,0.48691873814147746,0.5714356218580604
1285,0.4249936811022947,0.48693693117614995,0.5714197791603611
1286,0.42499999800675287,0.4869547467739458,0.5713885650476196
1287,0.4250062776740857,0.4869727433488027,0.5713807642053361
1288,0.4250125562345987,0.4869909692055901,0.5713866155641066
1289,0.425018779761017,0.48700766527171213,0.5713113434271383
1290,0.42502497538763784,0.4870254643340153,0.5713068360092948
1291,0.4250311137385363,0.4870420128142804,0.571236868642936
1292,0.42503725010637344,0.4870591473834094,0.5711980087766859
1293,0.4250433703714346,0.48707659720412855,0.5711838247689361
1294,0.4250494638101457,0.4870939739173541,0.5711892835374621
1295,0.4250555181062158,0.48711070385505356,0.5711200246984295
1296,0.42506152778534767,0.48712724392669815,0.5710662364280921
1297,0.4250674681290037,0.48714481247569497,0.5710927565986985
1298,0.4250733915884695,0.4871613297975073,0.571055374078526
1299,0.42507929810986145,0.48717746144711527,0.570982556134407
1300,0.42508513948411836,0.4871937159791598,0.5709426975628444
1301,0.42509094995543284,0.4872099925623936,0.5709075696745324
1302,0.42509675912182493,0.4872266615075136,0.5708985265029903
1303,0.42510256252124845,0.4872433091360831,0.5708894717085078
1304,0.4251083529477584,0.4872594642076439,0.5708516978759022
1305,0.42511412850213937,0.4872756987814675,0.5708211292934798
1306,0.4251198905482028,0.4872916902889949,0.5707758858761254
1307,0.4251256431448679,0.48730765580589436,0.5707328606435783
1308,0.4251313859893435,0.4873241330200759,0.5707238768639227
1309,0.42513710133181626,0.48734032999536664,0.570701929611554
1310,0.4251427866583857,0.48735614246348097,0.5706558037820683
1311,0.4251484486142981,0.4873721827201417,0.5706333526196522
1312,0.4251541011434087,0.4873882394152194,0.5706122578396038
1313,0.4251597248426593,0.48740415585439534,0.5705872753394954
1314,0.4251653293526455,0.48742032042185646,0.5705862600682633
1315,0.42517092361599607,0.487436702113603,0.5705986518569182
1316,0.42517646578644563,0.48745218243926364,0.5705570584122419
1317,0.425182007701941,0.48746761650736553,0.5705148327079488
1318,0.42518754408281106,0.4874829065668721,0.5704660969075087
1319,0.4251930515007195,0.487498074403097,0.5704108910937308
1320,0.4251985616110191,0.48751359177406905,0.570380440791707
1321,0.4252040404431494,0.4875289140964185,0.5703396593659491
1322,0.4252095138057852,0.4875436010266448,0.5702650005490292
1323,0.4252149770936352,0.48755970048291025,0.5702853275760215
1324,0.4252204199502785,0.4875743542515564,0.570211241009291
1325,0.42522586043456134,0.48759010293821026,0.5702108016698015
1326,0.4252312971733097,0.4876053396178363,0.5701768666256231
1327,0.42523673100252296,0.48762026088034593,0.5701020124117232
1328,0.4252421094993205,0.4876352249983091,0.5700604404585536
1329,0.4252474859627226,0.48765029166512214,0.5700150856057926
1330,0.42525285826350584,0.48766560542347914,0.569998376056203
1331,0.42525816662010185,0.487679348020373,0.5698918738463816
1332,0.4252634259360387,0.4876938555565696,0.5698416305834054
1333,0.42526867621634146,0.48770848172792575,0.569804789914754
1334,0.4252738094083745,0.4877243234231919,0.5698829985855818
1335,0.42527889089316984,0.4877386571912353,0.5698520514206622
1336,0.42528388469239514,0.4877552064811197,0.5700255774437657
1337,0.4252888684589715,0.48776849139392403,0.569956690540615
1338,0.4252938170787435,0.48778240038991,0.5699220901928878
1339,0.42529870508416623,0.48779625266422777,0.5698929382230228
1340,0.4253035664713397,0.48780943995367737,0.5698246545560363
1341,0.42530841361788907,0.487823143624776,0.5697975111430343
1342,0.42531324575493934,0.487836366003742,0.5697364391895513
1343,0.4253180386399425,0.4878489107401056,0.5696554858996817
1344,0.4253228293306426,0.4878620487151171,0.5695970192362152
1345,0.42532759519768415,0.4878748066379293,0.5695118561333585
1346,0.42533234641482565,0.48788797444429555,0.5694628020936535
1347,0.4253370014858969,0.4879016963161802,0.5694810150436754
1348,0.425341651122872,0.4879147959199631,0.5694446920231323
1349,0.42534628415370834,0.4879276725346998,0.5694002850275813
1350,0.4253509117273079,0.48793951968982824,0.5692746469976758
1351,0.4253554966596192,0.4879521530126501,0.5692149849016347
1352,0.4253600812035092,0.48796489099692775,0.5691719357908904
1353,0.42536465810343577,0.48797759738845364,0.5691254680698129
1354,0.4253691892811592,0.4879900013747488,0.5690621804301566
1355,0.4253737149674812,0.48800246987582324,0.5690092155515634
1356,0.4253781739872471,0.48801513944506975,0.5689879854823864
1357,0.4253825406720091,0.4880276928924979,0.5689765351018894
1358,0.42538689654842327,0.4880402340973058,0.5689657449642814
1359,0.4253912507533893,0.48805211367808743,0.568901077019065
1360,0.4253955999183063,0.48806402722258463,0.5688432201803472
1361,0.42539994298266065,0.488076197347006,0.5688065727924795
1362,0.42540422779895104,0.488088304779288,0.5687766567042738
1363,0.4254084120877454,0.48810171188771334,0.5689101991528206
1364,0.4254125837099638,0.48811362724826635,0.5688917137292397
1365,0.4254167511239613,0.48812516759390995,0.5688432537771768
1366,0.42542091793506875,0.4881367746420381,0.568799708813378
1367,0.4254250371747479,0.48814829658987874,0.5687579466902117
1368,0.4254291509337187,0.4881596551637308,0.5687040882792818
1369,0.42543321720990285,0.48817075691864875,0.5686405105621829
1370,0.425437261120001,0.4881822812583727,0.568619329730229
1371,0.4254412385054609,0.4881932492302924,0.5685498162245248
1372,0.4254451968922558,0.48820418919506353,0.5685045896180454
1373,0.4254491248083664,0.48821507261772873,0.5684404768878984
1374,0.4254530524787493,0.4882256541259888,0.5683618643955386
1375,0.4254569720433178,0.48823657446433844,0.56831624031699
1376,0.42546088509149027,0.4882470455739265,0.5682372608219071
1377,0.425464766802126,0.48825853134273334,0.5682543962314539
1378,0.42546862573444333,0.4882690539740301,0.5681895394646198
1379,0.4254724122063197,0.48827924161730923,0.5681149448474719
1380,0.4254761986726728,0.48828942928187313,0.568040460663916
1381,0.42547998513350116,0.4882996169677215,0.5679660866740538
1382,0.4254837467173763,0.4883102768272336,0.5679388385953354
1383,0.42548747040889845,0.48832113155562873,0.5679388708293095
1384,0.4254911735287079,0.4883311318554745,0.5678668924394917
1385,0.4254948694201188,0.4883412099698589,0.5678037887060092
1386,0.42549852016133216,0.48835157670113355,0.5677845970293937
1387,0.425502161752093,0.488361827487672,0.5677498020276969
1388,0.42550579709132175,0.48837194752833807,0.5677011185654488
1389,0.4255094033090022,0.48838158890130173,0.5676176856802092
1390,0.4255129327714893,0.4883913212603925,0.5675635408724857
1391,0.4255164605526355,0.48840115229752656,0.5675187823813383
1392,0.42551994930688036,0.4884113049773357,0.5675176621552795
1393,0.4255234376452725,0.4884210988286987,0.5674784576323957
1394,0.4255267547722217,0.48843090360164054,0.5674950696184385
1395,0.4255300532223757,0.48843978015218087,0.5674177419227805
1396,0.4255333259347628,0.48844905532750577,0.5673880287087427
1397,0.4255365058731461,0.4884577623740471,0.567325275915706
1398,0.4255396741393034,0.48846662105721134,0.5672784974380789
1399,0.42554283333723325,0.4884756620498859,0.5672555807857056
1400,0.42554594960239506,0.4884844513337344,0.5672120770382564
1401,0.42554903399867006,0.48849252263976195,0.5671138997587738
1402,0.4255521143028993,0.4885012584999896,0.567084478490877
1403,0.42555514957194457,0.48850992229523477,0.5670625563081901
1404,0.4255581642715279,0.4885186914764223,0.5670591079028048
1405,0.42556113616674696,0.4885269663111277,0.5670125848033973
1406,0.4255640635756557,0.48853532008515205,0.5669896072190999
1407,0.42556697087985484,0.48854310426452985,0.5669082618863369
1408,0.42556983835064643,0.4885505795547739,0.5668017826842492
1409,0.4255726819957043,0.4885585362051165,0.5667594962817816
1410,0.42557552029431733,0.4885660668573842,0.5666718927778083
1411,0.4255783288495939,0.48857389540149404,0.5666261904200355
1412,0.4255810972798019,0.4885817649625793,0.56659947072695
1413,0.4255838195982129,0.48858925981271284,0.5665360959437554
1414,0.42558650111507784,0.48859677826408293,0.566495099265389
1415,0.4255891373974397,0.4886042730665824,0.5664678207193331
1416,0.42559170371046584,0.48861174826903886,0.566464242357215
1417,0.42559426940867895,0.4886187856897393,0.5664033781803149
1418,0.42559680728346194,0.4886258840146915,0.5663658683546156
1419,0.42559933982665227,0.48863290196192194,0.5663109830401097
1420,0.42560186668071576,0.48864031028944216,0.5663185772205126
1421,0.42560426297395654,0.488646863774715,0.566255762222507
1422,0.42560662049922504,0.48865307849088657,0.566183576973569
1423,0.42560893381206033,0.48865948483057736,0.5661304564202143
1424,0.4256112197576244,0.48866571048521906,0.5660636476190728
1425,0.42561348017827577,0.4886717211291133,0.565976813458221
1426,0.42561563604517066,0.48867752317452307,0.5658941354537136
1427,0.4256177873011928,0.48868356616124087,0.5658544499217076
1428,0.4256197226403619,0.48868880494898664,0.5657809796320741
1429,0.42562161921924624,0.48869425001717354,0.5657605825963772
1430,0.42562348997510363,0.4886997960324958,0.5657717170304202
1431,0.42562532277748905,0.4887051002106,0.5657587593672156
1432,0.4256271519669976,0.48871014115656236,0.5656942377074907
1433,0.4256289304479813,0.48871479770489384,0.56559048984179
1434,0.42563067756218,0.4887193645549389,0.56548680161952
1435,0.4256323984900941,0.4887240424515743,0.5654150939590574
1436,0.42563409566113947,0.48872876816916716,0.5653647427111621
1437,0.4256357841311511,0.488733536056279,0.5653250527976172
1438,0.4256374232119664,0.4887379685880692,0.5652513100686885
1439,0.42563904682063924,0.4887423112853032,0.5651643312046404
1440,0.42564066098192144,0.4887466335827638,0.5651011455911904
1441,0.4256422462305397,0.48875107904453685,0.5650579484684543
1442,0.4256437254360197,0.48875531528898275,0.5650347105653335
1443,0.425645093186317,0.4887589844247185,0.5649510428025368
1444,0.42564631432544586,0.4887624091128035,0.5648911838269178
1445,0.4256472728448544,0.4887651202039625,0.564853295918058
1446,0.4256481599403086,0.48876769036683676,0.564839051009667
1447,0.425648930809084,0.48876976438794134,0.5647500090967708
1448,0.4256496863001815,0.4887718358752761,0.5646849878073819
1449,0.42565025405231316,0.4887733864185489,0.5646121486321926
1450,0.4256507684090911,0.48877478518617273,0.5645373977362805
1451,0.4256512814059267,0.4887762024044576,0.5644768505684398
1452,0.42565163144877194,0.4887771744851696,0.5644063325530859
1453,0.42565173296130626,0.48877746368078173,0.5643717189119534
